job-href,job,content,types,salary,business_trip
https://www.104.com.tw/job/7xbm0?jobsource=joblist_search,資訊工程師,"1.機房設備管理維護
2.電腦管理維護
3.網路設備維護與管理
4.ERP、APS、MES、WMS系統學習與維護
5.其他主管交辦事項,不拘,不拘,不拘","MIS程式設計師
、系統工程師
、網路管理工程師","月薪33,000~38,000元",無需出差外派
https://www.104.com.tw/job/89088?jobsource=joblist_search,ASP.NET MVC 程式設計師-台中,"1. 熟悉 C# 
2. 熟悉MS SQL Server資料庫及語法，懂react者尤佳
3. 懂HTML、JavaScript、jQuery、CSS、AJAX、JSON等相關應用
4. 熟悉懂MVC架構佳
5. 有團隊意識 善於溝通, 具有敬業精神 
6. 有團隊開發能力與獨立開發經驗 
7. 面試備作品佳 
8. 想知道更多，請參閱創創官網徵才資訊：https://cc-work.com,- 曾應用及研究及延伸使用開放性 AI 工具者佳。
- 主動積極，自我學習能力強，可接受工作挑戰。,AJAX、ASP.NET、C#、Visual C#、Visual Studio .net、MS SQL、MySQL、HTML、JavaScript、jQuery
提升專業能力
提升專業能力,軟體程式設計、網路程式設計、資料庫系統管理維護、資料庫程式設計、資料庫軟體應用","Internet程式設計師
、MIS程式設計師
、軟體工程師","月薪30,000~60,000元",無需出差外派
https://www.104.com.tw/job/807gm?jobsource=joblist_search,創新研發工程師(台中市),"工作內容：
1. 前後端系統設計、開發、測試、優化與維護。
2. 資料庫設計、佈署、管理與維護。 
3. 視覺介面與功能元件的佈局、開發、優化頁面效能等。 
4. 多瀏覽器版面相容性處理與響應式網頁設計。
5. 具有團隊合作精神。
6.    主管交辦事項

工作條件：(至少兩項)
1. 前端開發: CSS3、SCSS、javascript、Ajax、RWD、Bootstrap、Vue.js、Angular、TypeScript。
2. 後端開發: C#、ASP.Net MVC、.Net Core、Entitiy Framwork、LINQ、WebService、RESTful API 等。
3. 資料庫:  MS SQL、MySQL、Oracle、DB2 等。
4.    版本控制: Git
5.    需有程式開發相關經驗滿三年以上(含)
 

加分條件:
1.    可獨當一面。
2.    喜歡創新與挑戰新技術。
3.    自主學習能力。,不拘,Windows Server 2012、OOAD、OOP、UML、Git、ASP.NET、C#、Visual C#、Visual Studio、MS SQL、MySQL、Oracle、JavaScript、jQuery、CSS、VueJS、Angular、IIS
提升專業能力
提升專業能力,伺服器網站管理維護、資料備份與復原、系統架構規劃、軟體工程系統開發、軟體程式設計、網路程式設計、資料庫系統管理維護、資料庫程式設計、資料庫軟體應用","Internet程式設計師
、MIS程式設計師
、軟體工程師","月薪40,000~80,000元",需出差，一年累積時間約一個月以下
https://www.104.com.tw/job/8ncp1?jobsource=joblist_search,SECS 軟體工程師(中科),"(1)     半導體工廠端TAP段系統應用開發 (VB.NET)
(2)     熟悉SECS機台端訊號串接整合,(1)     具自學、溝通、協調及良好解決問題能力,C#、Visual Basic .net
提升專業能力
提升專業能力,不拘","軟體工程師
、MIS程式設計師
、MES工程師",待遇面議,無需出差外派
https://www.104.com.tw/job/8i3p6?jobsource=joblist_search,資深IT工程師,"【職務內容】
1. 端點設備管理：負責 Windows、行動裝置等端點設備的部署、管理與維護。
2. IT 服務與技術支援：提供第一線技術支援，分析並解決 IT 問題，提高使用者滿意度。
3. 自動化與標準化：利用 PowerShell 或其他自動化工具，優化設備配置、軟體部署及帳號管理流程。
4. 資安與合規維護：落實端點設備的安全防護政策，並定期進行風險評估與改善。
5. ERP 系統維運：協助 ERP 系統維運與設置
6. IT 專案執行：參與並推動 IT 專案，如資訊資產管理、DLP 等技術導入與升級。

【工作技能】
1. 端點管理經驗
2. IT 支援與問題診斷
3. 資安與政策管理
4. 專案管理與執行


【必要條件】
1. 擅長邏輯思考、問題分析和解決能力 
2. 具備團隊精神、責任感、熱愛學習、勇於接受新事物


「用熱情與創新賦能全球夥伴，成就永續塑造未來」
我們熱情歡迎志同道合人才加入鉅鋼 ，歡迎至YouTube搜尋「鉅鋼機械KINGSTEEL」或至鉅鋼機械官方網站瀏覽，讓您更快掌握鉅鋼動態!!!,不拘,Vmware
提升專業能力
提升專業能力,伺服器網站管理維護、系統架構規劃、系統架構規劃與維護、軟硬體設備預算與採買規劃","助理工程師
、MIS程式設計師
、軟體工程師",待遇面議,無需出差外派
https://www.104.com.tw/job/6ia7n?jobsource=joblist_search,【總公司】資訊助理/專員,"1.負責使用者端軟體硬體之維護與故障排除。
2.管理公司內伺服器主機、網路設備。
3.處理各單位資訊作業相關問題。
4.其他外點門市協助資訊相關作業、維護。
5.其他主管交辦事項。,不拘,不拘,電腦設備裝配、資訊設備操作檢修、資訊設備環境設定","MIS程式設計師
、系統工程師
、資訊設備管制人員","月薪32,000元以上",無需出差外派
https://www.104.com.tw/job/8mkyu?jobsource=joblist_search,網路資安工程師,"1.辦公室BGP外網架構、光纖線路、IPLC、內部骨幹線路、機房相關之監控管理、維運、排錯與優化。 
2.管理部屬於網路架構上之資安設備，依需求調整管理政策、排除障礙、優化設備運行效率。
3.針對網路與資安相關之異常訊息與事件，進行相關紀錄追查、分析，找出根因、做出正確處置、形成SOP並據以持續優化與執行改善成效分析。 
4.規劃、建置與管理弱點分析、流量分析、日誌紀錄分析等相關系統，產出相關事件分析結果。
5.支援一般日常網路與資安管理之維護工作。,1.具備BGP網路、中型企業網路架構實際管理經驗者佳。
2.具備無線網路管理系統、次世代防火牆、L7識別入侵偵測防禦系統之維運經驗者佳。
3.具備開源資安解決方案應用經驗者佳。
4.熟悉REST API、JSON、YAML、Python...等程式開發能力者佳。
5.熟悉Ansible、Rundeck等Automation解決方案者佳。,BGP
提升專業能力
提升專業能力,資訊設備環境設定、規劃與管理防火牆","網路管理工程師
、系統工程師
、MIS程式設計師",待遇面議,無需出差外派
https://www.104.com.tw/job/6l48y?jobsource=f_2025career,MIS系統工程師,"1. 伺服器機房Server、Storage類型設備管理、操作、維護。
2. 負責公司內部系統、Services維護，問題排除。
3. 具有設備架構優化之能力。
4. Windows AD及Server、Linux、OSX...等系統基本維護、操作，懂得利用網路資訊及工具解決問題。
5. 公司電腦安裝維護，簡易網路問題排除，User問題解決。,1. 一年以上電腦系統維護相關專業工作經驗。   
2. 熱愛學習資訊相關技術且能提昇自我能力者佳。  
3. 思維敏捷，善於溝通，具備優秀的團隊合作能力。
4. 正向積極，能積極因應突發性事件所造成情況。
加分條件：
1. 有雲端虛擬化與叢集架構之技術領域(GCP/AWS)經驗佳。
2. 熟悉網路架構設計與維運佳。

2025career,Linux、MS SQL、Cisco
提升專業能力
提升專業能力,不拘","網路管理工程師
、資訊設備管制人員
、MIS程式設計師","月薪32,000~60,000元",無需出差外派
https://www.104.com.tw/job/4fbwd?jobsource=joblist_search,PHP 程式設計師( PHP Programmer ),"我們不斷挑戰台灣知名的品牌案例, 
各種電子商務的需求我們照單全收,
讓網站程式設計不在只是套程式結案這樣的乏味,
如果你對程式開發有熱情, 熱愛挑戰極限且創新無極限,
我們正在尋找你!!

我們希望你最好有....

+ 高度審美觀念佳
+ 可以獨立作業
+ 抗壓性富學習力
+ 對程式設計有熱情
+ 有完整網站設計經驗者佳

+ 熟 PHP+mySQL / Laravel / MVC
+ 熟 HTML5 & CSS3
+ 熟 Javascript / jQuery / AJAX 
+ 熟XML / JSON 
+ 瞭解Linux基本操作
+ 二年以上相關工作經驗
+ 有EC / 金流串接經驗


請加入我們的Line官方徵才帳號
https://lin.ee/OUmdsjM,未填寫,AJAX、PHP、MySQL、HTML、Web Master/Developer、jQuery、e-commerce
提升專業能力
提升專業能力,不拘","Internet程式設計師
、軟體工程師
、MIS程式設計師","月薪38,000~50,000元",無需出差外派
https://www.104.com.tw/job/704a2?jobsource=joblist_search,TIPTOP ERP軟體工程師,"1. 鼎新TIPTOP GP5.3 Genero 4GL 客製程式開發及維護工作。
2. Crystal Report報表程式開發。
3. BI報表客製程式開發及維護工作。
4. 其他主管交辦事項。,不拘,不拘,不拘","軟體工程師
、MIS程式設計師
、系統分析師","月薪45,000~60,000元",無需出差外派
https://www.104.com.tw/job/8e4sm?jobsource=joblist_search,【總公司】資深軟體工程師,"1. 用戶需求溝通、程式設計、系統維護、分析報表開發。
2. 有設計及撰寫程式能力並做資料串接流程。
3. 資訊專案開發及導入，管理流程規劃、分析、解決方案評估與追蹤。,不拘,不拘,電腦設備裝配、資訊設備操作檢修、軟體程式設計、軟硬體設備預算與採買規劃","網路管理工程師
、MIS程式設計師
、系統工程師","月薪41,200~57,600元",需出差，一年累積時間未定
https://www.104.com.tw/job/8knmh?jobsource=joblist_search,【大魯閣集團( 台中 )_資訊部】 MIS程式設計師,"【工作內容】
1. 開發、維護及管理集團的應用系統與資料庫，並持續進行優化。確保集團應用系統及資料庫的安全性、穩定性及性能，提供數據的高效存取及應用系統的正常運行。
2. 確保集團所有個人電腦、POS收銀機台及伺服器的軟硬體正常運行與及時更新，並為系統使用者提供技術支持，確保工作環境的穩定性。
3. 維護、管理並優化集團內外部網絡環境及相關設備的運行，確保網絡的高效性、穩定性與安全性，並即時排除網絡異常問題。
4. 維護與管理集團的資訊安全基礎設施，確保集團數據與資訊系統的安全性，防範潛在的安全威脅，免受未授權存取、攻擊和洩露。
5. 支援部門內部的各項額外需求與專案。其他IT相關任務，包括行政庶務、主管交辦事項、支援日常IT運維工作，提高團隊整體執行效率，並確保部門各項工作運作順利進行與目標達成。

【個人特質加分】
1. 溝通能力：擅長跨部門合作，以淺顯易懂的方式說明各項專案導入的評估與規劃。
2. 分析思考：善於對複雜的技術問題進行系統化分析，並提出可行的解決方案。
3. 壓力承受：具備良好的時間管理與多任務處理能力。
4. 成本管理：具成本觀念評估各類資訊系統、資料庫等技術及IT解決方案 。
5. 其他：保持學習的熱情，能夠跟上技術與發展趨勢，並保有團隊合作精神。


【關於我們】
集團官網：https://www.taroko.com.tw/,不拘,Linux、Windows Server 2019、C#、PHP、PowerBuilder、MS SQL、MySQL、Oracle、德安資訊ERP
提升專業能力
提升專業能力,不拘","MIS程式設計師
、系統工程師
、網路管理工程師",待遇面議,無需出差外派
https://www.104.com.tw/job/6rtgf?jobsource=joblist_search,程式設計師(台中),"工作內容:
 1.參與團隊新專案開發及系統維運。
 2.參與需求分析與系統功能設計。
 3.負責系統程式撰寫、測試、部署。  
 4.負責系統問題修訂排除、優化與維護

需求條件：
 1.1年以上程式設計工程師之實務經驗
 2.熟悉網頁前端語言及語法(HTML、CSS、Javascript、jQuery)
 3.熟悉C#、SQL基本語法
 4.熟悉使用 Visual Studio 開發環境及 Git 版本控制
 5.具備良好溝通能力，能獨立作業及團隊合作 
 6.具 RWD 網頁切版經驗(加分)
 7.具後端 API 相關開發經驗(加分),不拘,AJAX、ASP.NET、C#、Visual Basic .net、ADO、MS SQL、Visual Foxpro、HTML、JavaScript、jQuery
提升專業能力
提升專業能力,不拘","軟體工程師
、Internet程式設計師
、MIS程式設計師","月薪38,000~75,000元",無需出差外派
https://www.104.com.tw/job/5p4p2?jobsource=joblist_search,【資訊處】資訊工程師,"【工作內容】
● 電腦軟、硬體等相關使用者端資訊問題排除。
● 具備資訊設備管理、採購及資產盤點作業經驗者佳。
● 具備網路架構能力，有自行架設、排除有線/無線問題驗驗。
● 具備AD系統慨念，有維護、架設或實務管理經驗者佳。
● 具備虛擬系統慨念，有維護、架設或實務管理經驗者佳。
● 協助資訊軟、硬體導入測試、評估。
● 協助資訊流程標準化文件製作。

【工作條件】
● 具備2年以上MIS經驗
● 須對資產管理、盤點有經驗及對新的資訊硬體資訊有熱枕，熱愛自組電腦者佳。,Access、Excel、PowerPoint、Word
提升專業能力
提升專業能力,不拘","系統工程師
、MIS程式設計師
、資訊設備管制人員","月薪32,000~37,000元",無需出差外派
https://www.104.com.tw/job/88vuy?jobsource=joblist_search,校務系統開發維護人員,"• 資格條件：
1. 國內外大學(以上)資訊相關科系畢業；非本科系但具有專業培訓機構課程結業證書者及提供相關作品佐證亦可。
2. 熟悉C#、 ASP.NET及SQL語言。
3. 具備資訊安全相關經驗尤佳。
• 工作內容：校務系統開發與維護。
• 工作地點：嶺東科技大學 資訊網路中心 校務資訊組。
• 聯絡方式：應徵者請將最高學歷證件影本、履歷、自傳、專業證照影本等郵寄至台中市南屯區嶺東路一號 嶺東科技大學 資訊網路中心收。信封上請註明『應徵校務系統開發維護人員』，合則約談，恕不退件。
• 電話：04-23892088轉2801
• 電子郵件：garros@teamail.ltu.edu.tw,未填寫,ASP.NET、C#、MS SQL
提升專業能力
提升專業能力,系統架構規劃、軟體程式設計、網路程式設計、資料庫系統管理維護、系統架構規劃與維護","軟體工程師
、軟體助理工程師
、MIS程式設計師","月薪31,200元以上",無需出差外派
https://www.104.com.tw/job/8jxqr?jobsource=joblist_search,軟體設計工程師(清泉廠),"1. 程式撰寫與開發
2. 系統維護及問題處理
3. 主管交辦事項,1.熟悉Web程式開發
2.熟悉RESTful API,Git,SQL
3.熟悉Python,Django,不拘,不拘","軟體工程師
、MIS程式設計師
、Internet程式設計師","月薪35,000~50,000元",需出差，一年累積時間約一個月以下
https://www.104.com.tw/job/7flhr?jobsource=joblist_search,台中資訊課-TIPTOP ERP 軟體工程師,"1. 負責TIPTOP軟體之開發撰寫、測試。
2. 負責Crystal Reports報表開發。
3. 具撰寫Web Services經驗尤佳。,未填寫,不拘,不拘","MIS程式設計師
、軟體工程師","月薪35,000~50,000元",無需出差外派
https://www.104.com.tw/job/7y6bi?jobsource=joblist_search,資訊助理工程師,"1.資訊作業系統操作、程式開發。
2.使用者電腦設定、安裝、問題諮詢及異常排除。
3.電腦設備與網路系統管理維護檢修。
4.薪資待遇依工作經驗調整
5.滿三個月後考核調薪。,不拘,Excel、Outlook、Word
提升專業能力
提升專業能力,作業系統基本操作、電腦設備裝配、資訊設備操作檢修、資訊設備環境設定","MIS程式設計師
、系統工程師
、資訊助理","月薪33,000~34,000元",無需出差外派
https://www.104.com.tw/job/82gre?jobsource=joblist_search,系統開發工程師(台中),"1.服務軟體的程式設計、修改、測試及維護 
2.撰寫系統操作手冊及標準作業程序
3.線上使用者問題協助
4.熟悉ERP系統佳
5.熟PHP，或.net語言開發
6.熟SQL相關指令(Microsoft SQL Server、My SQL) 
7.願意學習及運用非熟悉領域開發語
8.作品：面試時請攜帶作品，呈現專業與品質。,不拘,ASP.NET、C#、Java、PHP、Ruby、HTML、CSS
提升專業能力
提升專業能力,不拘","軟體工程師
、MIS程式設計師
、系統工程師","月薪35,000元以上",無需出差外派
https://www.104.com.tw/job/6yvyy?jobsource=joblist_search,資訊網路工程師(機電部),"網路管理工程師
1.設定、檢修網路設備。
2.規劃網路管理機制。
3.控管、備份網路伺服器內的檔案，並設定用戶端權限，以確保檔案安全。
4.監控系統運作，並建立危機處理的標準流程。
5.分析、解決用戶端通訊問題。
6.需配合公司任務分配，至施工現場驗/點交器材設備給客戶。,不拘,不拘,不拘","網站行銷企劃
、MIS程式設計師
、網路管理工程師","月薪30,000~50,000元",無需出差外派
https://www.104.com.tw/job/6uu2z?jobsource=joblist_search,ERP工程師,"1.鼎新TIPTOP ERP GP 2.0程式開發與維護。
2.PHP 程式開發。
3.使用者教育訓練、系統問題協助及排除。 
4.資訊文件撰寫與制定發行。 
5.主管交辦事項。,未填寫,不拘,不拘","軟體工程師
、MIS程式設計師","月薪35,000~55,000元",無需出差外派
https://www.104.com.tw/job/8m9ym?jobsource=joblist_search,*MIS工程師F,"1. 既有C# 開發的網站系統&SQL Server系統維護
2. 公司內部辦公室自動化應用系統開發
3. 訊光EEP系統開發&維護,1. C#/Javascript/HTML 程式語言開發.
2. SQL Server基本管理&SQL語法使用.
3. 系統需求分析&應用系統規劃.
4. 訊光EEP系統開發&維護.
5. ASP .NET Core / ASP .NET Framework專案開發、維護能力.
6. REST Web API / MVC 開發經驗尤佳.
7. Git / GitLab 版本控制、管理分支及協作開發經驗.
8. 了解並應用 CI/CD（Jenkins、GitLab CI） 進行自動化部署與測試.,Git、ASP.NET、C#、MS SQL、JavaScript
提升專業能力
提升專業能力,不拘","MIS程式設計師
、軟體工程師",待遇面議,需出差，一年累積時間未定
https://www.104.com.tw/job/8cynn?jobsource=joblist_search,製程課-軟體工程師,"1.熟悉 MES Oracle Excel VBA Python、C++程式開發
2.依據公司需求建構報表
3.製程分析整合工作
4.其他主管交辦事項
-----------------------------
※考核通過依表現調薪
※依照公司營運及KPI評核結果發放季績效獎金,未填寫,VBA、Oracle、Excel、MES
提升專業能力
提升專業能力,資料庫程式設計、設計導入製造執行系統（MES）","MES工程師
、MIS程式設計師
、資料工程師","月薪40,000~50,000元",無需出差外派
https://www.104.com.tw/job/889f6?jobsource=joblist_search,【程式設計】開發工程師｜工程開發處 (C# / MVC),"-如果你對程式開發充滿熱情，擅長 C# .Net MVC，並希望在專業團隊中發揮所長，這將是一個能夠發揮實力、持續成長的絕佳機會！-

【工作內容】
1. 產品及客製功能 程式開發與維護。
2. 與系統導入顧問合作，協助專案調整與修正需求。
3. 使用 C# .Net MVC、MSSQL、HTML、JavaScript 進行開發。
4. 主管交辦事項，協助團隊完成技術挑戰。

【我們需要這樣的你】
◆具備高度責任感與自律能力，能獨立完成任務。
◆以下經歷尤佳（非必備，但有更好！）
◆具 ERP / CIM / MES / SFCS 等系統開發經驗。
◆具 (Web)Socket / MQTT / RS485 / 422 / 232 / Modbus RTU or TCP 等通訊協定介接經驗。
◆有 系統分析 (SA) / 系統設計 (SD) 文件撰寫經驗。
◆具 ETL / BI / DW 相關建置或使用經驗。
◆持有 資安 / 工廠系統 / 程式 / 專案管理等相關證照 者優先考慮。

【我們提供】
◆ 技術成長與專業發展機會，讓你持續精進技能！
◆多元產業接觸，挑戰更廣泛的技術應用！
◆透明且良好的團隊溝通，讓你的想法被實現！

如果你準備好迎接新挑戰，立即投遞履歷，與我們一起開創未來！,不拘,C#、ASP.NET、JavaScript
提升專業能力
提升專業能力,軟體工程系統開發、軟體程式設計、資料庫程式設計","MIS程式設計師
、MES工程師
、Internet程式設計師","月薪45,000元以上",無需出差外派
https://www.104.com.tw/job/8abfs?jobsource=joblist_search,ERP工程師,"※ 職務內容
1.負責微軟Dynamic 365及ERP系統維護
2.整合ERP流程並持續性改善優化系統。
3.維護ERP 報表/功能開發。
4.其他主管交辦事項。 

※ 期望具備以下經驗
1. 熟悉ERP流程架構。
2. 擅長Python。

※ 如果有以下條件更加分
1. 熟悉Visual Studio Code，會AL Language extension for Microsoft Dynamics 365 Business Central。
2. 具備Power Automate/Power Platform相關經驗。
3. 具備ERP系統開發經驗或ERP相關經驗者。,不拘,Github、Python、Visual Studio、MS SQL、Excel、Word、Power BI
提升專業能力
提升專業能力,軟體程式設計",MIS程式設計師,待遇面議,無需出差外派
https://www.104.com.tw/job/8hvbk?jobsource=joblist_search,資訊專員,"1.OA應用程式需求分析、設計與測試。
2.現行系統的開發與日常維護，主動提出問題與優化方案。
3.依專案需求進行BI分析、系統開發、測試與維護。
4.開發與維運企業內部電子表單系統。
5.ERP客製需求開發及異質系統API串接。
6.使用者軟硬體維運及問題處理。
7.其他主管交辦事項。,具備程式分析開發經驗3年以上,Linux、Python、MS SQL、HTML、JavaScript、CSS、Django、Tableau、VM
提升專業能力
提升專業能力,不拘","系統工程師
、營運管理師／系統整合／ERP專案師
、MIS程式設計師",待遇面議,無需出差外派
https://www.104.com.tw/job/8ktn7?jobsource=joblist_search,SAP ERP系統工程師,"1.SAP ABAP程式開發，ALV、Smart Forms、RFC程式開發，及 IMG 參數設定。
2.協助模組使用者問題排除。
3.需求訪談與SASD文件撰寫。
4.其他主管交辦事項。,1. 具備SAP ABAP 開發，和 ALV、Smart Forms、RFC實作經驗。
2. 熟 SAP ERP IMG 參數設定。
3. 具有 SAP ME SAPUI5及 Java開發經驗者佳。
4. 良好溝通協調能力。,Java、Excel、SAP、ABAP
提升專業能力
提升專業能力,不拘","MIS程式設計師
、營運管理師／系統整合／ERP專案師
、系統工程師","月薪36,000~50,000元",無需出差外派
https://www.104.com.tw/job/5ov8h?jobsource=joblist_search,專案管理師(電商專案管理),"若您是資訊工程/資訊管理/資訊相關科系專科大學畢業, 對電子商務網站有很高的企圖心與熱情,目前我們需求全職的配合人員需要資訊相關科系畢業之專長,主要協助網站專案架構/轉換/分析/測試及相關文件撰寫,主要包括:
1. 電商平台協助架構分析與設計(配合主管出差,至客戶端學習分析能力培養)
2. 電商平台協助主機運轉系統處理(配合主管出差,至機房管理網站主機系統運作)
3. 電商平台協助功能與細節測試
4. 專案協助文件撰寫處理
5. 電商相關資料收集整理
(以上都將由公司主管親自訓練上課，透過專案的實務與累積，逐漸養成電子商務全方位的專業能力),未填寫,中文打字50~75、Word、PowerPoint、Excel
提升專業能力
提升專業能力,使用者測試(Usability test)、網頁軟體操作、專案管理軟體操作、文書處理軟體操作、資料庫系統管理維護、測試計劃及測試報告書撰寫、壓力測試(stress test)、安全性測試(Security test)、功能測試(function test)、系統整合分析、系統維護操作、系統架構規劃、資訊設備環境設定、資料備份與復原、作業系統基本操作、伺服器網站管理維護、負責文件更新、發行、審核與跟催作業","測試人員
、系統分析師
、MIS程式設計師","月薪40,000~50,000元",需出差，一年累積時間約一個月以下
https://www.104.com.tw/job/3zngw?jobsource=joblist_search,ERP程式設計師(台灣廠),"1.熟悉 SQL語法及關連式資料庫
2.二年以上coding開發經驗。
3.具服務熱誠、良好溝通協調能力、有責任感。
4.上級交辦事項處理。
 
.,不拘,Java、Visual C#、Oracle、鼎新
提升專業能力
提升專業能力,軟體程式設計、資料庫程式設計、企業資源規劃管理(ERP)","MIS程式設計師
、系統分析師","月薪35,000~40,000元",需出差，一年累積時間約一個月以下
https://www.104.com.tw/job/7g7yf?jobsource=joblist_search,MIS工程師,"1. 建置、管理與維護公司系統。
2. 開發MIS系統的功能，以符合企業需求。
3. 設計與維護公司網頁。
4. 處理個人電腦軟硬體的故障問題。
5. 管理與維護公司網路和資料，並進行備份工作。
6. 開發、設計及維護ERP軟體。
7. 其他主管交辦事項。,不拘,MES
提升專業能力
提升專業能力,資訊設備環境設定、系統架構規劃、軟體工程系統開發、企業資源規劃管理(ERP)、系統架構規劃與維護","軟體工程師
、MIS程式設計師
、系統工程師",待遇面議,無需出差外派
https://www.104.com.tw/job/8oc8u?jobsource=joblist_search,MIS工程師,"1.建置與管理網路系統設備
2.辦公室資訊設備維護,安裝電腦軟硬體
3.依照客戶需求,規劃與完成網通設備,並能排除故障問題.,不拘,不拘,不拘","網路管理工程師
、MIS程式設計師","月薪33,000~43,000元",無需出差外派
https://www.104.com.tw/job/8jb0o?jobsource=joblist_search,資訊維運工程師,"1.熟悉電腦相關設定、操作
2.熟悉windows及linux等系統操作、異常排除
3.網路基礎問題排除
4.善用自建監控系統、及早發現異常且加以處理
5.定時更新工作相關的操作手冊,不拘,不拘,不拘","MIS程式設計師
、其他資訊專業人員
、網路管理工程師","月薪35,000~45,000元",無需出差外派
https://www.104.com.tw/job/7f9hj?jobsource=joblist_search,軟體工程師(MIS),"1.RPA系統維護管理，作業流程建置導入
2.確認各部門申請作業流程需求並評估可行性
3.RPA系統流程腳本撰寫及測試
4.RPA系統整合測試、個案架構規劃與建置
5.RPA系統教育訓練及訓練文件製作
6.RPA系統異常排除
7.RPA系統使用諮詢，障礙排除、技術支援
8.RPA系統報表開發、軟體專案協作開發
9.其他系統支援協助
10.主管交辦事項
11.配合加班,不拘,鉅茂
提升專業能力
提升專業能力,系統架構規劃、系統維護操作、系統整合分析、資料庫系統管理維護、資料庫程式設計、資料庫軟體應用","MIS程式設計師
、資料庫管理人員
、MES工程師","月薪32,000~37,000元",無需出差外派
https://www.104.com.tw/job/8jum1?jobsource=joblist_search,OA系統-BPM資訊工程師-台中,"1. 維運電子簽核系統Agentflow 
2. 執行集團年度資訊專案：包含需求訪談、功能分析、程式撰寫、功能測試、上線安排 
3. S.O.P.及知識庫建立與維護 
4. 主管交辦事項,不拘,Java、MS SQL、Oracle、PL/SQL、XML、FTP
提升專業能力
提升專業能力,軟體程式設計、資料庫程式設計","軟體工程師
、MIS程式設計師
、系統分析師","月薪30,000~50,000元",無需出差外派
https://www.104.com.tw/job/6g8bs?jobsource=joblist_search,長照中心-資訊人員（工作地點：台中市潭子區）,"1.長照管理資訊系統及行政管理系統程式撰寫。
2.主管交辦撰寫功能項目。
3.撰寫工具Angular(node.js)、 Django(python)、Flutter(Dart)、 Flask(python)。
4.具有網頁應用程式設計工作經驗者(二年以上經驗尤佳)。,不拘,Python、Node.js、Django、Angular
提升專業能力
提升專業能力,不拘","軟體工程師
、Internet程式設計師
、MIS程式設計師","月薪50,000元以上",無需出差外派
https://www.104.com.tw/job/7bak5?jobsource=joblist_search,【TWJOIN．台中】PHP Laravel Developer 後端工程師,"▍About TWJOIN 哲煜科技
想知道用有100+以上專案經驗的團隊一起合作是什麼樣的感覺嗎？

TWJOIN哲煜科技 擁有豐富的工程師資源以及跨足AI、IoT、手機裝置應用、穿戴裝置、FinTech、Social社群應用的專案，更有一群已累積多元經驗的PM夥伴！
你的生活每天就是跟設計、工程師、PM同事，一起幫助客戶打造他們夢想中的產品！

各種你想得到、想不到的專案，在哲煜科技應該都能提供給你

▍為什麼加入哲煜科技？
喜歡研究追求最新技術
對於不同的商業邏輯專案躍躍欲試
想挑戰中大型的專案
享受團隊合作帶來的成就感
期待有一群尊重專業，好溝通的合作夥伴
偶爾需要行走的多肉貓咪櫓一下
我們團隊將非常適合你團隊

---------------------------------------


《 職務依技術核薪，能力佳可再談 》
▍TWJOIN 的 PHP Laravel Developer 要從事的工作：
．協助專案經理開發 Web 相關應用程式、企業系統、電商平台等客製化專案開發
．評估工作時數與擬定工作進度
．撰寫相關開發文件
．針對專案依職務專業提供建設性建議
．新技術分享與導入

▍TWJOIN 的 PHP Laravel Developer 需有以下條件/技能：
．具Laravel 實際開發經驗一年以上，能重構既有代碼與設計新功能架構者佳
．Notification，Queue Job 等應用經驗
．具備物件導向開發與設計實務
．具備 MVC 概念
．了解 Web 框架運作原理，熟悉 HTML、CSS、Vue / React
．熟悉 RESTFUL API
．熟練 Git 版控指令，解決程式碼衝突經驗
．必須在工作中運用 AI 工具來提升效率與生產力，並能主動學習 AI 技術，以優化工作流程。

▍TWJOIN 的夥伴有以下特質：
‧ 不怕挑戰、具高度責任感、抗壓力、獨立思考及獨立作業能力
‧ 工作配合度高，跨部門溝通協調能力強
‧ 絕對遵守團隊合作的原則
‧ 願意與他人技術分享交流,不拘,Git、PHP、MySQL、HTML
提升專業能力
提升專業能力,軟體程式設計、網路程式設計、資料庫程式設計、資料庫軟體應用","軟體工程師
、Internet程式設計師
、MIS程式設計師","月薪38,000~52,000元",無需出差外派
https://www.104.com.tw/job/8ir65?jobsource=joblist_search,iOS工程師,"【２年以上軟體相關經驗者，歡迎投遞！】資格不符者，恕不另行通知，謝謝!

●  歡迎有任一產業經驗的軟體工程師與程式設計師加入我們。資深者佳。
●  因專案眾多，將根據您產業經驗、技術程度、專長類別、與期待工作地點，於面試時詳談工作內容與機會。

1.懂Objective C 或 Swift。
2.開發工具: Xcode, StoryBoard。
3.有後端串接經驗。,未填寫,不拘,不拘","軟體工程師
、MIS程式設計師","月薪45,000元以上",無需出差外派
https://www.104.com.tw/job/7sus3?jobsource=joblist_search,資訊室-資訊專員,"1.電子簽核系統表單開發、維護及問題處理
2.ERP程式開發及維護
3.系統分析與設計
4.異質系統介接和維護
5.日常電腦維護
6.熟悉ASP.NET及C#程式開發
7.主管交辦事項,不拘,ASP.NET、C#
提升專業能力
提升專業能力,軟體程式設計、資料庫軟體應用","軟體工程師
、MIS程式設計師
、營運管理師／系統整合／ERP專案師",待遇面議,無需出差外派
https://www.104.com.tw/job/89d8c?jobsource=joblist_search,PLM 系統資深工程師,"1. 負責產品設計循環系統專案推動執行。
2. 承接 PLM 及相關資訊平台系統功能開發及維運管理。
3. 負責 PLM 及相關資訊平台 AI 及數位轉型專案規畫、執行及推動。
4. 負責 PLM 及相關資訊平台使用者需求解決方案提出及系統功能設計開發與維護。
5. 負責 PLM 及相關資訊平台日常使用者需求服務及異常狀況排除。,1.10年以上大型資訊系統導入/實施/維護經驗與具備PMO專案管理能力
2.10年以上 PLM Windchill/ThingWorx 系統維運開發經驗
3.熟悉產品研發及製造循環等相關領域知識與系統
4.具備軟件開發工具和方法工作知識並能提供跨平台解決方案
5.具高管、使用者、IT 主管及IT開人員溝通技巧並能明確了解需求及能夠闡明技術決策對業務的影響
6.對新資訊科技技術及應用具備學習熱誠及自我研習與數位轉型策略提案能力
7.有 AI 方案實施於產品開發設計領域經驗尤佳,Java
提升專業能力
提升專業能力,系統架構規劃、系統整合分析、軟體工程系統開發、軟體程式設計、網路程式設計","MIS程式設計師
、軟體工程師
、系統分析師",待遇面議,無需出差外派
https://www.104.com.tw/job/82oq1?jobsource=joblist_search,MIS/資通網管師,"1.熟悉維護電腦系統效能，維持其系統正常運作及除錯。
2.網站系統架構維護與更新
3.擅於網站系統開發語言程式設計(PHP. ASP. NET. HTML5. Javascript. JQuery. Ajax)
4.擁有資料庫後台/網站開發與維護能力
5.熟悉資訊網路系統
6.資訊設備管理
7.檢視公司雲端連線正常
8.使用 Java（Spring Boot框架）開發相關功能
9.使用 PHP(Drupal架構)
10具備 Java 或 PHP 基礎程式開發概念，了解 Spring Boot 、Drupal 框架架構。
11.具 NAS 操作經驗（如 Synology 系統），了解基礎網路架構。,不拘,Fireworks、鼎新、Illustrator、Adobe Photoshop、Google Analytics、Firewall、CSS、jQuery、XML Web services、XML、Web Master/Developer、VBScript、JavaScript、HTML、Dreamweaver、MySQL、PHP
提升專業能力
提升專業能力,伺服器網站管理維護、網路應用軟體操作、網路設備設定安裝、規劃與管理防火牆、系統架構規劃與維護、資料庫軟體應用、資料庫程式設計、資料庫系統管理維護、網路程式設計、軟體程式設計、資料通訊與網路應用","MIS程式設計師
、網路管理工程師
、資料庫管理人員","月薪35,000~45,000元",無需出差外派
https://www.104.com.tw/job/6iagj?jobsource=joblist_search,軟體工程師,"1.負責軟體專案程式撰寫以及軟體產品研發
2.有持續的工作熱忱與良好的溝通能力
3.樂於挑戰新技術，對軟體新應用具備想像力
4.需具備Java、JavaScript、JSP程式撰寫能力
5.具備以下項目尤佳
　(1)Eclipse、CodeCharge Studio、Xcode等開發工具使用經驗
　(2)Oracle、MS SQL Server等資料庫使用經驗
　(3)iOS、Android App程式開發經驗
　(4)GIS應用系統開發經驗
　(5)Java相關證照,不拘,Java、JSP、MS SQL、Oracle、JavaScript
提升專業能力
提升專業能力,不拘","軟體工程師
、Internet程式設計師
、MIS程式設計師","月薪34,000~60,000元",需出差，一年累積時間約三個月以下
https://www.104.com.tw/job/86jwj?jobsource=joblist_search,軟體工程師(MIS),"1.資訊系統或軟體專案的程式設計、修改、安裝、維。
2.系統規劃、異質系統整合設計、流程優化。
3.資訊工具及報表開發及維護。
4.維持系統並優化現有專案。
5.有TIPTOP或T100設計經驗佳。
6.有製造業經驗佳。
7.其他資訊工作支援。,不拘,C#、MS SQL、HTML、JavaScript、IIS
提升專業能力
提升專業能力,不拘","MIS程式設計師
、軟體工程師",待遇面議,無需出差外派
https://www.104.com.tw/job/2ri8y?jobsource=joblist_search,資訊技術員,"1.具電腦維修及網路維護經驗者 
2.熟 windows Server. Linux系統者佳
3.熟SQL資料庫及VB.NET程式語言者尤佳
4.相關資訊工作經驗1-2年以上.
5.有工作熱誠.責任感.學習能力強
6.具醫療資訊經驗者佳,不拘,不拘,不拘","其他資訊專業人員
、系統工程師
、MIS程式設計師","月薪28,590~35,000元",無需出差外派
https://www.104.com.tw/job/8036r?jobsource=joblist_search,MIS資訊工程師,"1. 資訊設備管理及維護。
2. 電腦系統軟體安裝。
3. 網路防火牆設定管理。
4. 機房巡檢及空間維護。
5. 雲端伺服器(AWS、Google Cloud)及主機維護管理、備份。
6. 資訊安全管制流程設置。

※ 其他條件：
1. 具ISO27001 參與及建置經驗尤佳,不拘,不拘,伺服器網站管理維護、作業系統基本操作、資料備份與復原、資訊設備操作檢修、資訊設備環境設定、規劃與管理防火牆","網路管理工程師
、系統工程師
、MIS程式設計師","月薪35,000~43,000元",無需出差外派
https://www.104.com.tw/job/7w2je?jobsource=joblist_search,系統工程師(75-台中),"1. 客戶服務工作，負責客戶端軟體系統之規劃、建置與維護
2. 協助客戶端軟體系統問題除錯 
3. 撰寫客戶所需之軟體技術文件 
4. 提供客戶產品使用之教育訓練 
5. 完成主管交辦事項

※薪資依學經歷敘薪,1. 需具備 Windows、Linux伺服器、資料庫操作能力
2. 需具備讀寫英文郵件及閱讀原文手冊之能力
3. 面試時會針對系統基礎能力進行測驗
4. 會直接面對客戶，故需有良好的應對態度
5. 能真正關心客戶與客戶及公司共同成長.,Linux、Windows Server 2012、MS SQL
提升專業能力
提升專業能力,伺服器網站管理維護、作業系統基本操作、資料庫軟體應用、系統架構規劃與維護","MIS程式設計師
、其他資訊專業人員
、系統分析師","月薪30,000元以上",需出差，一年累積時間約一個月以下
https://www.104.com.tw/job/8kngz?jobsource=joblist_search,資訊軟體工程師_【台中】,"工作內容：
1. 負責資訊系統的需求分析、評估、開發、導入與維運。
2. 撰寫並維護需求規格、系統分析、技術設計等相關文件。
3. 進行跨系統整合，確保數據一致性與高效應用。
4. 開發與維護BI解決方案，建立報表與數據視覺化儀表板，提供決策支持。
5. 其他主管交辦事項

工作技能：
1. 熟悉資料庫開發，具備 SQL、PL/SQL 技能。
2. 具備良好的問題分析與解決能力，能有效推動專案進行。
3. 具備 CAD 或 PLM 軟體開發與應用經驗者優先考慮。
4. 了解 BI 相關技術與概念，例如 Power BI、Tableau 或其他 BI 工具。
5. 熟悉 JAVA、JavaScript 或 Visual Studio 平台開發經驗者佳。,不拘,Linux、C#、Java、MS SQL、PL/SQL、JavaScript、Visual Studio
提升專業能力
提升專業能力,軟體程式設計、資料庫系統管理維護、資料庫程式設計、系統架構規劃與維護","軟體工程師
、MIS程式設計師
、Internet程式設計師","月薪40,000元以上",需出差，一年累積時間約一個月以下
https://www.104.com.tw/job/8o3m9?jobsource=joblist_search,契約資訊副工程師(.NET),"本院「醫療資訊系統整合維運中心」，需招募以下人員。說明如下： 
1.負責醫療資訊系統開發與維運事宜。
2.本職缺以「契約資訊副工程師」僱用(非臨時人員)，依最新國軍退除役官兵輔導委員會113年5月27日輔人字第1130037654號函核定臺中榮民總醫院醫療資訊系統整合維運中心「契約資訊副工程師 (學士 )」支薪表規定辦理。
3.惟本工作依任務需要，需配合與各榮總分院進行需求訪談、教育訓練、及輔導上線等相關作業。
4.依國軍退除役官兵輔導條例第六條規定，條件相等而為因公致身心障礙退除役官兵及一般退除役官兵者，依序優先錄用。
5.領有身心障礙手冊或具有就業弱勢身份者，加總分百分之五，惟須經本院評定與適任之工作能力者始得錄用。
6.若為本院現職人員，需經單位主管同意始得報名 (報名表-請至本院首頁/訊息專區/徵才訊息下載)。
資格條件：
1.國內外大學或獨立學院資訊相關科系學士以上畢業且具與擬任工作相當之工作經驗，或其他科系學士以上畢業且具資訊實務工作經驗一年以上者。
2.具C#、Windows Form、Web Form及Oracle資料庫經驗，能獨立撰寫應用程式者尤佳。
3.熟悉HTML/HTML5,CSS,Java script和通用javascript Lib 如jQuery,Angular, TypeScript等。
4.可配合工作加班趕辦進度。
5.各項臨時交辦事項。,不拘,C#、Oracle、HTML、CSS、JavaScript、jQuery、Angular
提升專業能力
提升專業能力,不拘","軟體工程師
、MIS程式設計師
、系統分析師","月薪40,000元以上",無需出差外派
https://www.104.com.tw/job/7gde9?jobsource=joblist_search,資訊部門-網路管理工程師,"1. 熟悉 TCP/IP、LAN Switching/Routing、Networking、Security等技術。
2. 熟悉網路解決方案研究規劃與導入部署。
3. 熟悉資安設備(IPS、WAF)建置、管理及維運能力。
3. 具備網路除錯、網路監控與告警處理能力。
4. 配合專案需求，對新產品及技術進行目標學習與發展。,1. 具中大型系統整合建置及維運經驗（金融相關工作經驗者尤佳）。
2. 熟悉網路設備原理、系統管理等專業知識。
3. 對探索研究新的維運技術，分析系統瓶頸，優化架構和優化性能有興趣者。
4. 對產業技術敏感度高且細緻,善於思考,具備發現問題、疏理問題並對於解決問題充滿熱情
    及能力。
5. 具CCNA、CCNP相關資安或網路技術專業證照者佳。,不拘,不拘","網路管理工程師
、MIS程式設計師
、系統工程師","月薪40,000~65,000元",無需出差外派
https://www.104.com.tw/job/8dz0a?jobsource=joblist_search,【台中】軟體系統開發工程師,"★ 加入中傑集團，開啟你的職涯新篇章 ★
中傑集團正迅速發展，我們熱切尋找渴望成長的你！無論你是否具備鞋業經驗，只要你有學習的熱情和進取心，我們都歡迎你來挑戰自己，展示才華！

 我們提供：
◆鼓勵自我學習的環境
◆工作上想法的實踐
◆明確的升遷管道
◆具競爭力的薪資
◆豐富的學習和發展機會

【工作內容】
1.建置、管理與維護公司系統。
2.開發ERP系統的相關功能，以符合企業需求。
3.陸續開發並建置企業管理系統, ex. HR, MES, B2B, PDM, IE, APS...。
4.熟悉ASP.NET(C#), MS SQL Server尤佳

★期待遇見這樣的你★
◆有當責精神、具時間管理觀念
◆願意謙卑，彎身做實事
◆願意學習，持續提升自我
◆願意傳承，建立與培養團隊,不拘,ASP.NET、C#、MS SQL
提升專業能力
提升專業能力,伺服器網站管理維護、系統維護操作、軟體工程系統開發、資料通訊與網路應用、軟體程式設計、資料庫系統管理維護、MES工廠執行系統規劃管理、企業資源規劃管理(ERP)","MIS程式設計師
、資料庫管理人員
、系統工程師",待遇面議,需出差，一年累積時間約六個月以下
https://www.104.com.tw/job/8ij61?jobsource=joblist_search,技術支援工程師,"1.遊戲機檯及系統之操作設定、故障解決、問題分析、追蹤、處理回報
2.提供FAE無法處理之問題之技術支援
3.新產品及新技術導入之窗口 
4.了解客戶需求，並提供原廠適當的建議及回饋
5.國外代理商之技術窗口
6.熟悉Windows、Linux系統日常操作，服務維運與效能調校。 
7.網路相關設備安裝、維護、維修、問題排除。
8.視訊串流、監控相關技術研究與應用、佈署 
9.CDN操作設定,測試及維護 
10.有良好的溝語言溝通能力和分析能力。 
11.有責任心及團隊精神，思維嚴謹、邏輯性強。 
12.具備良好的服務意識，以及較強的責任心和執行力。,1. 良好的表達與溝通能力，能與團隊合作並達成團隊目標 
2. 積極負責的工作態度、具抗壓性、可獨立工作，擁有追根究底的精神 


加分條件: 
1. 具有基本網管能力 
2. 具有MS-SQL 查詢資料能力 
3. 有導入資訊系統相關經驗，可Release SOP或使用手冊給客戶 
4. 具有相關證照(多益 600分以上 或 全民英檢 中高級以上 或 其它相關英檢証書、網管相關證書...等)
5. 常見之見監控系統使用，如prometheus, zabbix。,Excel、Word
提升專業能力
提升專業能力,不拘","系統工程師
、網路管理工程師
、MIS程式設計師","月薪42,000~60,000元",需出差，一年累積時間未定
https://www.104.com.tw/job/87b82?jobsource=joblist_search,資訊程式設計工程師,"1.維護與開發公司ERP系統
2.解決使用者系統問題及教育訓練
3.能獨立完成程式需求分析與設計
4.主管交辦事項,不拘,PowerBuilder、Oracle
提升專業能力
提升專業能力,不拘",MIS程式設計師,"月薪33,000~43,000元",無需出差外派
https://www.104.com.tw/job/8a6re?jobsource=joblist_search,資訊助理工程師,"1.使用者資訊設備或軟體異常處理。
2.使用者軟體或系統相關問題諮詢及解決。
3.協助資訊系統權限設定及異常處理。
4.協助資訊設備詢比議價及請採購作業。
5.主管交辦事項。
6.對SQL或程式設計有概念或初階程度佳。,不拘,不拘,不拘","MIS程式設計師
、軟體工程師","月薪30,000~40,000元",無需出差外派
https://www.104.com.tw/job/4yi1r?jobsource=joblist_search,系統工程師,"1.有校務系統導入，參與或開發經驗佳
2.有Power Builder開發經驗，或其他程式語言開發經驗佳
3.懂SQL語法,不拘,不拘,不拘","軟體工程師
、Internet程式設計師
、MIS程式設計師","月薪32,000~35,000元",無需出差外派
https://www.104.com.tw/job/6k6x2?jobsource=joblist_search,ERP資訊工程師/副工/助工,"ERP系統開發,1. 積極、負責，具良好溝通能力。 
2. 具ERP系統開發經驗者佳。
3. 具TIPTOP 系統開發經驗尤佳。,Informix、Oracle
提升專業能力
提升專業能力,資料庫程式設計、企業資源規劃管理(ERP)",MIS程式設計師,"月薪34,000~60,000元",無需出差外派
https://www.104.com.tw/job/fm1u?jobsource=joblist_search,JAVA 軟體工程師－台中(可遠端),"1. 程式開發及維護。
2. 具 WEB 程式開發經驗者佳。
3. 熟悉javascript、jQuery...等前端技術者佳。
4. 具MS-SQL操作及開發經驗者佳。 
<本公司接受遠端工作，初期需進公司教育訓練，依工作狀況可申請(需經主管審核同意)>,不拘,不拘,不拘","Internet程式設計師
、軟體工程師
、MIS程式設計師","月薪34,000~40,000元",需出差，一年累積時間約一個月以下
https://www.104.com.tw/job/8ersr?jobsource=joblist_search,資訊專員,"1.資訊設備主機、PC安裝與系統維護裝配管理。
2.網路系統安裝與配置、維護測試監控。
3.網路系統日常檢查及異常狀況初步研判檢修。
4.軟硬體設備預算與採買規劃。
5.資訊設備環境設定、VMware虛擬機基礎操作。
6.Windows伺服器網站架設管理維護、軟體整合測試。
7.基礎MSSQL資料庫管理及檔案文件備份維護。
8.基礎IIS之WEB網路應用軟體架設操作維護。
9.防火牆設定、管理。
10.NAS設定、管理。
11. 操作與管理電腦及相關週邊設備。
12. 安排電腦作業，以確保時效、安全及有效執行。
13. 依據標準作業程序，執行電腦備份作業。
14. 依處理或登錄資料需要，安放磁帶或磁片並管理磁帶、磁片資料檔。
15.其他:主管指派之工作,不拘,不拘,伺服器網站管理維護、資料備份與復原、電腦設備裝配、資訊設備操作檢修、資訊設備環境設定、資料庫系統管理維護、系統架構規劃與維護、安裝與維護網路安全系統、規劃與管理入侵防護系統（IPS）、規劃與管理防火牆、網路系統危機管理、網路配線工具使用、網路架設佈線、網路設備設定安裝","資訊設備管制人員
、MIS／網管主管
、MIS程式設計師","月薪38,000元以上",無需出差外派
https://www.104.com.tw/job/8mkzu?jobsource=joblist_search,ERP程式設計,"1.開發Web版的ERP企業內部系統，執行系統技術研究與專案推動上線。
2.編寫Java代碼並完成單元測試。
3.系統開發測試、部署和集成。
4.維護已上線系統、排除線上問題。
5.系統優化、完成設計。,不拘,Java
提升專業能力
提升專業能力,不拘","後端工程師
、軟體工程師
、MIS程式設計師",待遇面議,無需出差外派
https://www.104.com.tw/job/8f80d?jobsource=joblist_search,【總公司】系統工程師,"1. 應用RPA科技取代高重複性與低效率的工作。
2. 開發RPA akaBOT流程機器人，進行流程自動化，流程規劃、開發與維護。
3. 進行RPA akaBOT運行測試，解決流程部屬過程中的技術問題。
4. 鼎新BPM電子表單維護及開發。
5. 其他交辦事項。,不拘,鼎新
提升專業能力
提升專業能力,電腦設備裝配、資訊設備操作檢修、軟體程式設計、軟硬體設備預算與採買規劃","網路管理工程師
、MIS程式設計師
、系統工程師","月薪41,200~57,600元",無需出差外派
https://www.104.com.tw/job/8ejy9?jobsource=joblist_search,MIS工程師,"1. 機房主機系統建置與維護管理。
2. 雲端主機例行性監測與維護
3. 維護公司網路和資料，並進行備份工作，及防毒、Fire Wall及防毒軟體等資安系統管理。
4. 使用者軟硬體問題處理
5. 制定與撰寫相關管理辦法
6. 資訊類資產盤點與管理
7. 完成主管交辦事項,不拘,MS SQL、MySQL、IIS
提升專業能力
提升專業能力,不拘","網路管理工程師
、系統工程師
、MIS程式設計師","月薪30,000~36,000元",無需出差外派
https://www.104.com.tw/job/8jyzb?jobsource=joblist_search,【應用系統部】軟體開發工程師,"【工作職責】
●負責BPM電子簽核系統維護。
●依公司需求進行電子表單的需求訪談、系統分析、開發。
●與ERP等相關系統進行整合。
●主管交辦事項。

【其他條件】
●熟悉HTML5、CSS、Javascript
●具溝通協調、獨立解決問題、積極負責之能力。
●曾經開發過BPM表單。

【加分條件】
●具備Node.js、ASP.Net、MVC、C#開發經驗。
●三大公有雲基本概念、CI/CD工具。
●具資料庫維護管理經驗，熟SQL Server。
●具備API開發經驗。,C#、HTML、JavaScript、CSS、Node.js
提升專業能力
提升專業能力,軟體程式設計、系統架構規劃與維護","Internet程式設計師
、軟體工程師
、MIS程式設計師","月薪35,000~50,000元",無需出差外派
https://www.104.com.tw/job/2ygn4?jobsource=joblist_search,軟體工程師,"1.有校務系統導入，參與或開發經驗佳
2.有Power Builder開發經驗，或其他程式語言開發經驗佳
3.懂基本網站架構
4.懂HTML, CSS, JSP, JavaScript等
5.懂SQL語法,不拘,HTML、JavaScript、CSS
提升專業能力
提升專業能力,軟體工程系統開發、軟體程式設計","軟體工程師
、Internet程式設計師
、MIS程式設計師","月薪32,000~35,000元",無需出差外派
https://www.104.com.tw/job/85wad?jobsource=joblist_search,資訊專員,"1.電腦及周邊設備安裝，設定問題排除
2.軟體系統維護設定、安裝及問題排除
3.機房、伺服器、網路設備、電話系統、監控系統、門禁系統監控暨維護
4.資料庫管理、簡易程式開發
5.有工作熱忱、責任感、完成主管交辦事項,不拘,Routers、TCP/IP、VPN
提升專業能力
提升專業能力,不拘","MIS程式設計師
、網路管理工程師
、資訊助理","月薪30,000~35,000元",需出差，一年累積時間約一個月以下
https://www.104.com.tw/job/8np7u?jobsource=joblist_search,程式設計師,"1.負責公司資訊系統程式開發，以優化作業與流程，並確保系統正常維運。
2.協助解決使用者於資訊系統日常作業的問題。
3.參與公司內部相關資訊專案。
4.上級主管交辦任務。,不拘,不拘,不拘","MIS程式設計師
、Internet程式設計師",待遇面議,無需出差外派
https://www.104.com.tw/job/7plcw?jobsource=joblist_search,軟體工程師(台中),"1.使用華苓產品Agentflow平台工具，負責開發相關流程專案
2.協助需求功能之分析、設計以及 JavaScript、簡易Java, JSP, SQL 程式撰寫。
3.進行軟體之測試與修改。

【台中辦事處目前籌備中，需擇一到以下辦事處面試】：
新竹總公司：新竹市公道五路二段120號12樓
台北辦事處：台北市南京東路一段52號5樓
高雄辦事處：高雄市新興區中正三路25號13樓(KOIN智高點 13-1室),1.具學習熱忱肯投入工作，能團隊合作者。
2.願意配合接受公司培訓，依能力及個性，培訓成為系統分析師、協銷顧問(presales)、顧問、專案經理等。
3.非相關科系，但接受過軟體開發專業培訓者亦可。,Java、JSP、Spring、Struts、MS SQL、MySQL、Oracle、HTML、JavaScript、jQuery
提升專業能力
提升專業能力,不拘","軟體工程師
、MIS程式設計師","月薪30,000~50,000元",需出差，一年累積時間未定
https://www.104.com.tw/job/8nphq?jobsource=joblist_search,資深Python程式開發工程師,"工作內容:

1.爬蟲系統:
a.新的網站爬蟲開發。
b.既有的爬蟲系統維護。

2.API開發: 
a.依據前端所需的內容,由資料庫取得資料進行整合,開發相應的API。

3.數據分析(最主要):
a.股票,加密貨幣數據關聯性分析與投資預測。


其他:
1.在學期間有修過統計相關課程,請在自傳中補充。
2.之前的工作有參與過數據分析的經驗,請在工作經驗中補充。
3.面試當天請攜帶一份104黑白履歷 。
4.須有相關的工作經驗。
5.為節省雙方時間,下方的測驗,
在不上網情況下,10分鐘內可以順利完成,再投擲履歷,謝謝

#1.請將str1,str2中的c,C刪除 並將str1, str2合併
str1 = ""abcde""
str2 = ""ABCDE""

#2.請在q2ans中加入元素""a"",""b""
q2ans = []

#3.請將字典q3ans 依序加入 {""k1"":""v1""} 跟 {""k2"":""v2""} 
q3ans = {""k0"":""v0""}

#4.取出list1中的元素 ""b""
list1 = [[""a"",""b""],[""c"",""d""]]

#5.請寫出一迴圈,算出ans5, ans5為1~1024的的總和
ans5 = 0


#1.面試當天會有上機測試,錄取後會再依程度安排對應的職務內容,不拘,Github、Python
提升專業能力
提升專業能力,軟體工程系統開發","Internet程式設計師
、軟體工程師
、MIS程式設計師","月薪38,000~45,000元",無需出差外派
https://www.104.com.tw/job/8e4t6?jobsource=joblist_search,【總公司】IT工程師,"1. 網通設備、資安設備及系統、VM伺服器主機及機房相關設備管理。
2. 日常helpdesk、AD宇郵件帳號維護等。
3. 上級交辦事項處理與進度追蹤、跨部門溝通協調、能獨立作業且能協同合作。,不拘,不拘,電腦設備裝配、資訊設備操作檢修、軟體程式設計、軟硬體設備預算與採買規劃","網路管理工程師
、MIS程式設計師
、系統工程師","月薪41,200~57,600元",需出差，一年累積時間未定
https://www.104.com.tw/job/8o1zm?jobsource=joblist_search,PLM 系統工程師,"1.負責PLM及相關資訊系使用者需求及功能設計開發及維護
2.負責PLM及相關資訊系統日常使用者需求服務及異常狀況排
3.負責RPA系統維運管理及以上線流程腳本維護和技術支援
4.負責RPA流程腳本開發
5.負責BI看板開發,1.大學以上、資訊相關科系畢業。
2.具Java、JSP和資料庫系統等程式設計開發能力。
3.對AI和新資訊科技技術及應用具學習熱忱及自我研習能力。
4.具良好溝通技巧、協調能力及耐心。
5.具RPA及BI實施及設計開發經驗佳。,Java
提升專業能力
提升專業能力,系統架構規劃、系統整合分析、軟體工程系統開發、軟體程式設計、網路程式設計","MIS程式設計師
、軟體工程師
、系統分析師",待遇面議,無需出差外派
https://www.104.com.tw/job/8m574?jobsource=joblist_search,資料庫管理人員,"1. 依據使用者需求，參與資料庫架構的設計，並針對整體系統架構提供建議，以創建最佳資料庫架構。
2. 管理各項資料庫資源使用，包含使用數量、權限管理、使用空間、系統資源（CPU、Memory、IO）等。
3. 熟知mssql server 。
4. 具備基本會計知識及尤佳。
5. 協同系統管理部門、網路管理部門，提供正常資料庫維運。
6. 主管交辦事項。,不拘,MS SQL、Excel、Word
提升專業能力
提升專業能力,代辦會計相關事項、資料庫系統管理維護、資料庫軟體應用","資料庫管理人員
、MIS程式設計師
、記帳／出納／一般會計","月薪36,500~45,000元",無需出差外派
https://www.104.com.tw/job/8c8cv?jobsource=joblist_search,【雲端維運部】DevOps 主任工程師,"【工作職責】
● 產品維運
-維持產品營運環境服務穩定、可靠。
-監控、告警系統建置並持續關注異常，盡速排除。
-須配合值班輪調。
 
● 研發協作
-與研發團隊溝通，提供雲服務使用建議及資源成本控管。
-提供穩定開發環境，確保開發人員能專注於業務邏輯開發。
-確保服務錯誤處理流程完善，發生異常能快速查明問題並恢復系統運作。
-規劃自動化交付流程 (CI、CD) 並持續優化。
 
● 雲端環境管理
-環境管理腳本化 (IaC)，確保能快速且正確的建置新環境。
-規劃災難處理流程，確保日常資料異地備分、備援機制穩定運作。
-持續關注成本，定期檢視並配置合適的雲服務資源。

● 人員指導
-工作分配及日常專業操作指導。
-持續型工作的 SOP 制定與文件撰寫、管理。
-定期進行團隊工作效率檢視與問題檢討。

【其他條件】
●網路設定及資安防護
●資料備份與服務備援
●監控告警
●成本管理
●容器化管理 (K8S 為主)
●雲服務操作及管理 (GCP 為主)
●Serverless 與分散式服務規劃、配置經驗
●CI、CD 建置與規劃經驗
●團隊協作與溝通協調能力,不拘,Linux、Jenkins
提升專業能力
提升專業能力,不拘","MIS程式設計師
、網路管理工程師
、Internet程式設計師","月薪50,000~85,000元",無需出差外派
https://www.104.com.tw/job/49mld?jobsource=joblist_search,2D/3D自動化繪圖軟體工程師,"1. 負責2D/3D自動化繪圖資訊軟體系統分析，開發與維護
2. 熟 C#/VB.NET或其它常見應用程式程式語言開發工具之一
3. 熟關連式資料庫 SQL 語法
4. 熟AutoCAD .NET 或Inventor API 或SOLIDWORKS API 或 Visual LISP,1. 願意配合工作量需求適度加班。 
2. 曾在製造業任職之工作經驗者佳，保有程式開發及與人溝通之熱忱。 
3. 具工業設計繪圖概念及資料庫程式開發 1 年以上經驗，具良好邏輯思考概念。,不拘,不拘","軟體工程師
、MIS程式設計師
、系統分析師",待遇面議,無需出差外派
https://www.104.com.tw/job/8lxnc?jobsource=joblist_search,IT工程師IT Engineer,"1.協助公司辦公室網路規劃
2.協助架設公司伺服器以及電子郵件管理
3.協助公司各項系統(含船舶管理)導入與建立
4.公司網路環境管理
5.公司資訊安全制度建立與管理
6.資訊相關資材管理
7.其他主管交辦事項,不拘,不拘","網路管理工程師
、MIS程式設計師
、MIS／網管主管",待遇面議,無需出差外派
https://www.104.com.tw/job/88xid?jobsource=joblist_search,(資訊類)CIM工程師/高工-CIM,"1. CIM相關系統導入與客製開發
2. MES系統優化&流程改善 SA/SD
3. EAP、WMS帳物流系統整合開發
4. 產線系統問題解決與追蹤管理

*PS：本職缺依經驗及能力晉用與核薪,1. 需擔任過之職務CIM工程師、MES工程師或EAP工程師或工廠自動化工程師。
2. 熟悉CIM(MES/EAP/EDC/SPC...)相關系統。
3. 熟悉Asp.net/ C#/Java/VB/.NET程式開發。
4. 熟悉SQL、Oracle資料庫。
5. 具Web API、Rabbit MQ開發經驗尤佳
6. 熟悉自動化整合開發經驗尤佳,C#、C++、Java、Visual Basic .net、Oracle、PL/SQL、PLC、SPC、CIM、MES
提升專業能力
提升專業能力,軟體程式設計、MES工廠執行系統規劃管理、設計導入製造執行系統（MES）、協助產線自動化系統推展、自動化設備／系統介面之維護改善","MES工程師
、MIS程式設計師
、網路管理工程師",待遇面議,無需出差外派
https://www.104.com.tw/job/8m4vr?jobsource=joblist_search,資訊人員,"1.ERP、內部系統維護
2.C# Web From、Win Form程式開發
3.PL/SQL程式開發,不拘,C#
提升專業能力
提升專業能力,不拘","MIS程式設計師
、資訊設備管制人員
、軟體工程師","月薪32,000~40,000元",無需出差外派
https://www.104.com.tw/job/8hmaj?jobsource=joblist_search,資訊人員,"【工作內容】
公司POS、內部商品盤點系統建構。

【專業需求】
1、程式語言與工具：
PHP 程式開發、設計、維護。
熟悉 PHP Laravel 框架、 Laradock使用
熟練使用 Docker、Docker-composer 進行開發與部署
2、資料庫技術：
熟練使用 MySQL，具備資料庫設計與優化能力。
3、系統與版本控制：
熟悉 Linux 系統操作，具備良好的系統管理能力。
熟悉 Git 版本控制。
4、前端技術：
基本HTML5、CSS3、javascript、jquery、boostrap使用 
5、第三方服務整合：
有整合第三方服務的實務經驗，熟悉常見的 API 串接方法。
有串接藍新、綠界等金流實務經驗者優先
6、問題解決能力：
具備專案開發，系統架構規劃能力。

【加分條件】
有銷貨盤點、pos結帳等相關系統開發維護經驗尤佳,不拘,PHP、MySQL
提升專業能力
提升專業能力,規劃與管理防火牆","MIS程式設計師
、網路管理工程師
、資訊設備管制人員","月薪35,000元以上",無需出差外派
https://www.104.com.tw/job/8436z?jobsource=joblist_search,資訊工程師,"1.執行MES系統程式導入與維護。 
2.支援產線生產資訊系統問題之解決與新功能導入。 
3.MES與ERP 整合設計與維護作業。
4.報表開發:MES可視化報表開發。 
5.其他資訊專案支援:配合公司流程改善，進行系統優化。,C#、MS SQL、MySQL
提升專業能力
提升專業能力,設計導入製造執行系統（MES）","MES工程師
、MIS程式設計師
、軟體工程師","月薪45,000~70,000元",無需出差外派
https://www.104.com.tw/job/6y4oz?jobsource=joblist_search,Python程式開發工程師,"工作內容:

1.爬蟲系統:
a.新的網站爬蟲開發。
b.既有的爬蟲系統維護。

2.API開發: 
a.依據前端所需的內容,由資料庫取得資料進行整合,開發相應的API。

3.數據分析:
a.取得資料庫的數據後,分析數據的關聯性。

其他:
1.在學期間有修過統計相關課程,請在自傳中補充。
2.之前的工作有參與過數據分析的經驗,請在工作經驗中補充。
3.面試當天請攜帶一份104黑白履歷 。
4.為節省雙方時間,下方的測驗
如果在不上網情況下,10分鐘內可以順利完成,再投擲履歷,謝謝

#1.請將str1,str2中的c,C刪除 並將str1, str2合併
str1 = ""abcde""
str2 = ""ABCDE""

#2.請在q2ans中加入元素""a"",""b""
q2ans = []

#3.請將字典q3ans 依序加入 {""k1"":""v1""} 跟 {""k2"":""v2""} 
q3ans = {""k0"":""v0""}

#4.取出list1中的元素 ""b""
list1 = [[""a"",""b""],[""c"",""d""]]

#5.請寫出一迴圈,算出ans5, ans5為1~1024的的總和
ans5 = 0


#1.面試當天會有上機測試,錄取後會再依程度安排對應的職務內容
#2.若是12月或1月(接近農曆過年前)錄取的職員,將安排於農曆過年後上班,不拘,Github、Python
提升專業能力
提升專業能力,軟體工程系統開發","Internet程式設計師
、軟體工程師
、MIS程式設計師","月薪30,000~45,000元",無需出差外派
https://www.104.com.tw/job/7s5z8?jobsource=joblist_search,資訊工程師,"1.供應商系統開發及維護
2.外包商系統開發及維護
3.EIP企業入口網站開發及維護,1.資訊相關科系畢業
2.熟ASP.NET、C#、JavaScript、AJAX、jQuery、CSS程式設計、3年以上程式設計經驗
3.熟MS SQL
4.熟ERP流程,MS SQL、ASP.NET、C#、JavaScript、AJAX、CSS、jQuery
提升專業能力
提升專業能力,不拘","MIS程式設計師
、系統工程師",待遇面議,無需出差外派
https://www.104.com.tw/job/8kp1n?jobsource=joblist_search,資訊主任,"1.數位轉型規劃與執行。
2.資料分析與大數據管裡。
3.規劃並執行各類專案。
4.依據分析需求，進行資料數據分析與邏輯運算作業。
5.程式開發與維護。
6.其他主管交辦工作,不拘,MS SQL、Visual Basic .net、Visual Basic、ASP.NET
提升專業能力
提升專業能力,不拘","系統工程師
、軟體工程師
、MIS程式設計師",待遇面議,無需出差外派
https://www.104.com.tw/job/79b7y?jobsource=joblist_search,R&D01-DBA資料庫管理師(台中),"1. 資料 ETL 流程自動化規劃、設計、開發與監控維護。
2. 資料庫效能語法評估。
3. Schema相關調整工作。
4. 資料庫建置、維護、管理。
5. 資料庫監控、異常排除。,不拘,ETL、MySQL
提升專業能力
提升專業能力,資料庫系統管理維護、資料庫程式設計、資料庫軟體應用","資料庫管理人員
、MIS程式設計師
、MES工程師","月薪45,000~80,000元",無需出差外派
https://www.104.com.tw/job/8ncpo?jobsource=joblist_search,Winform軟體工程師(中科),"(1)     半導體工廠端TAP段系統應用開發 (VB.NET)
(2)     熟悉SECS機台端訊號串接整合,(1)     具自學、溝通、協調及良好解決問題能力,C#、Visual Basic .net
提升專業能力
提升專業能力,不拘","軟體工程師
、MIS程式設計師
、MES工程師",待遇面議,無需出差外派
https://www.104.com.tw/job/8mgar?jobsource=joblist_search,計畫案系統開發維護人員,"• 資格條件：
1. 國內外大學(以上)資訊相關科系畢業；非本科系但具有專業培訓機構課程結業證書者及提供相關作品佐證亦可。
2. 熟悉C#、 ASP.NET及SQL語言。
3. 具1年以上系統開發經驗或具SSDLC導入經驗或具備資訊安全相關經驗。
• 工作內容：資訊系統開發與維護、配合學校資安要求。
• 工作地點：嶺東科技大學 資訊網路中心 校務資訊組。
• 聯絡方式：應徵者請將最高學歷證件影本、履歷、自傳、專業證照影本等郵寄至台中市南屯區嶺東路一號 嶺東科技大學 資訊網路中心收。信封上請註明『應徵校務系統計劃案開發維護人員』，合則約談，恕不退件。
• 電話：04-23892088轉2801
• 電子郵件：garros@teamail.ltu.edu.tw,未填寫,ASP.NET、C#、MS SQL
提升專業能力
提升專業能力,系統架構規劃、軟體程式設計、網路程式設計、資料庫系統管理維護、系統架構規劃與維護","軟體工程師
、軟體助理工程師
、MIS程式設計師","月薪34,000元以上",無需出差外派
https://www.104.com.tw/job/7yywe?jobsource=joblist_search,op操作員,"1. 處理資訊設備，電腦、週邊硬體設備維護工作
2. 伺服器應用軟體操作及維護及網路設定、備份及管理
3. 支援機房報修、電腦設備軟硬體障礙排除
4. 良好的溝通與團隊合作
5. linux、GIT、系統管理、監控
6.無經驗可,不拘,Linux、Git
提升專業能力
提升專業能力,不拘",MIS程式設計師,"月薪30,000~35,000元",無需出差外派
https://www.104.com.tw/job/7wwoc?jobsource=joblist_search,系統開發工程師(儲備幹部),"資訊系統或軟體專案的程式設計、修改、安裝、維護
1.確認程式需求目的、規劃架構、功能設計
2.程式開發及測試，建立開發文件或技術白皮書
3.開發程式發布、建置、安裝、使用諮詢
4.程式修改、維護、故障排除、權限管理
5.程式教育訓練及訓練文件製作
6.其他資訊工作支援
7.主管交辦事項,不拘,C#、MS SQL、HTML、JavaScript、IIS
提升專業能力
提升專業能力,軟體程式設計","MIS程式設計師
、軟體工程師",待遇面議,無需出差外派
https://www.104.com.tw/job/7bpq8?jobsource=joblist_search,MIS工程師,"1.各主機維護管理與效能監控/日常維護管理工作
2.DB 備份/還原作業
3.各系統權限/授權管理
4.支援IT相關專案進行
5.網路設定及網路障礙排除;內部網站維護管理,1.Infra基礎架構系統觀念
2.Infra系統規劃建置能力(HW/Storage/VM/OS)
3.關聯式資料庫管理經驗(Oracle/MSSQL)
4.熟悉LINUX作業系統(SUSE/REDHAT)
5.VMWARE管理經驗,不拘,不拘","MIS程式設計師
、網路管理工程師
、資訊設備管制人員",待遇面議,無需出差外派
https://www.104.com.tw/job/8mqcv?jobsource=joblist_search,MIS/資通網管師助理,"1.維護電腦系統效能，維持其系統正常運作及除錯。
2.網站系統架構維護
3.有資料庫後台/網站維護能力
4.懂資訊網路系統
5.懂資訊設備管理
6.與美工配合.可以做簡報
7.檢視公司雲端連線正常
8.懂 Java（Spring Boot框架）相關功能
9.懂使用 PHP(Drupal架構)
10具備 Java 或 PHP 基礎程式概念/ Spring Boot 、Drupal 框架架構。
11.具 NAS 操作經驗（如 Synology 系統），了解基礎網路架構尤佳。,不拘,Fireworks、鼎新、Illustrator、Adobe Photoshop、Google Analytics、Firewall、CSS、jQuery、XML Web services、XML、Web Master/Developer、VBScript、JavaScript、HTML、Dreamweaver、MySQL、PHP
提升專業能力
提升專業能力,伺服器網站管理維護、網路應用軟體操作、網路設備設定安裝、規劃與管理防火牆、系統架構規劃與維護、資料庫軟體應用、資料庫程式設計、資料庫系統管理維護、網路程式設計、軟體程式設計、資料通訊與網路應用","MIS程式設計師
、網路管理工程師
、資料庫管理人員","月薪33,000~43,000元",無需出差外派
https://www.104.com.tw/job/7xjwd?jobsource=joblist_search,Vue 前端工程師【中科】,"1. 與後端工程師溝通對接API
2. 使用Vue+Vuetify組合出相對應頁面功能
3. 客製化元件設計
4. 熟悉響應式網頁(RWD)排版,不拘,中文打字20~50、英文打字20~50
提升專業能力
提升專業能力,不拘","軟體工程師
、MIS程式設計師
、前端工程師","月薪38,000~60,000元",無需出差外派
https://www.104.com.tw/job/8ni5y?jobsource=joblist_search,【資訊工程師】,"1. 聘僱於久福興業股份有限公司，派駐於高美濕地(商場.旅館)
2.     撰寫程式及報表，擅用程式語言，可擴展的軟體解決方案。
3. 關聯式資料庫語法與操作。 
4. 有系統管理經驗、開發程式經驗者佳。
5. 維護網路環境、機房軟硬體、伺服器、個人電腦及其周邊系統，確保正常運作，並進行
        日常備份與備援管理。
6. 主管交辦事項。,不拘,不拘,資料庫系統管理維護、資料庫程式設計、軟體程式設計、資料庫軟體應用、系統架構規劃、系統整合分析、伺服器網站管理維護","系統工程師
、MIS程式設計師",待遇面議,無需出差外派
https://www.104.com.tw/job/8nuzm?jobsource=joblist_search,資訊系統開發工程師,"1. 企業內部資訊系統之規劃、開發、維護
2.內部與廠商專案進展之溝通協調與追蹤進度,1. 具備從事資訊輔助系統開發與維護工作三年以上之經歷。
2. 具備Java Web生態開發能力(Spring Boot , IDE STS , VSCODE nodejs pack , Vue , Vuetify )。
3. 熟悉API建立與呼叫方式。
4. 熟悉MSSQL DB ,會Store Procedure , User Define Function , Agent Job ,Profile尤佳。
5. 熟悉TOMCAT on windows server部屬配置與錯誤LOG查看排除 , SSL配置
6. 熟悉版本管控Git (指令派 or SourceTree 都可)。
7. 善於專案開發週期各階段與需求端之溝通。,不拘,不拘","MIS程式設計師
、系統工程師
、系統分析師",待遇面議,無需出差外派
https://www.104.com.tw/job/8o3mh?jobsource=joblist_search,契約資訊副工程師(JAVA),"本院「醫療資訊系統整合維運中心」，需招募以下人員。說明如下： 
1.負責醫療資訊系統開發與維運事宜。
2.本職缺以「契約資訊副工程師」僱用(非臨時人員)，享國民旅遊卡補助。
3.惟本工作依任務需要，需配合與各榮總分院進行需求訪談、教育訓練、及輔導上線等相關作業。
4.依國軍退除役官兵輔導條例第六條規定，條件相等而為因公致身心障礙退除役官兵及一般退除役官兵者，依序優先錄用。
5.領有身心障礙手冊或具有就業弱勢身份者，加總分百分之五，惟須經本院評定與適任之工作能力者始得錄用。
6.若為本院現職人員，需經單位主管同意始得報名 (報名表-請至本院首頁/訊息專區/徵才訊息下載)。
資格條件：
1.國內外大學或獨立學院資訊相關科系學士以上畢業者且具與擬任工作相當之工作經驗，或其他科系學士以上畢業且具與擬任工作相當實務經驗一年以上者。
2.具基本物件導向概念及Oracle資料庫經驗者尤佳。
3.具Java、JSP、Servlets或TypeScript/Nodejs、Angular/Vue/React使用經驗，能獨立撰寫應用程式者尤佳。
4.熟悉HTML、CSS、JavaScript尤佳。
5.熟悉RESTful API串接。
6.具有版本控制使用經驗者尤佳。,不拘,C#、Oracle、HTML、CSS、JavaScript、jQuery、Angular
提升專業能力
提升專業能力,不拘","軟體工程師
、MIS程式設計師
、系統分析師","月薪40,000元以上",無需出差外派
https://www.104.com.tw/job/27g5r?jobsource=joblist_search,(台中)資訊管理系統前端/全端程式設計師,"依工作指派所需，包括但不限於負責以下資訊管理系統程式分析及開發與維護工作：
1.ERP/MIS、MES智慧製造、CRM、SCM或AI、BI…等系統程式。
2.行動裝置App及新世代Web通用平台。,1.熟悉HTML5、CSS、TypeScript、JavaScript、Java
2.熟悉物件導向分析與設計
3.熟悉任一資料庫語法(MSSQL、Oracle DB、MySQL、PostgreSQL)
4.具Angular或Vue開發經驗尤佳,不拘,系統架構規劃、系統整合分析、軟體工程系統開發、軟體品質與保證","MIS程式設計師
、前端工程師
、Internet程式設計師",待遇面議,無需出差外派
https://www.104.com.tw/job/8iyb3?jobsource=joblist_search,"【TWJOIN．台中】MIS資訊工程師(SRE,DevOps)","▍About TWJOIN 哲煜科技
想知道用有100+以上專案經驗的團隊一起合作是什麼樣的感覺嗎？

TWJOIN哲煜科技 擁有豐富的工程師資源以及跨足AI、IoT、手機裝置應用、穿戴裝置、FinTech、Social社群應用的專案，更有一群已累積多元經驗的PM夥伴！
你的生活每天就是跟設計、工程師、PM同事，一起幫助客戶打造他們夢想中的產品！

各種你想得到、想不到的專案，在哲煜科技應該都能提供給你

▍為什麼加入哲煜科技？
喜歡研究追求最新技術
對於不同的商業邏輯專案躍躍欲試
想挑戰中大型的專案
享受團隊合作帶來的成就感
期待有一群尊重專業，好溝通的合作夥伴
偶爾需要行走的多肉貓咪櫓一下
我們團隊將非常適合你團隊

---------------------------------------

☆☆ 工作地點：台北、台中皆可 ☆☆

▍TWJOIN 的 MIS資訊工程師 要從事的工作：
．辦公室資訊設備維護監控及電腦軟體與硬體的安裝、維護、管理
．機房設備遠端管理，Linux作業系統與指令熟悉，具備排除問題的能力
．應用程式環境搭建，Docker，CI/CD
．了解軟、硬體和其他系統周邊裝置的設定
．資訊安全設備的使用與監控 

▍TWJOIN 的  MIS資訊工程師 需有以下條件/技能：
．雲端（AWS、GCP、Azure）經驗，對於雲端 Solution 有一定的了解 
．可獨立作業處理各種用戶端電腦問題
． 具有網路概念、維運相關知識，能對一般區域網故障進行分析、判定與排除異常
． 對具備良好的作業系統（Windows、Mac、Linux）操作能力
．必須在工作中運用 AI 工具來提升效率與生產力，並能主動學習 AI 技術，以優化工作流程。

▍TWJOIN 的  MIS資訊工程師 有以下特質：
． 合群、絕對遵守團隊合作的原則
． 良好的溝通能力、責任感與積極之工作態度
．想要進步與學習到更多知識,不拘,Linux、AWS
提升專業能力
提升專業能力,伺服器網站管理維護、作業系統基本操作、資料備份與復原、電腦設備裝配、資訊設備操作檢修、資訊設備環境設定、系統維護操作、系統架構規劃與維護、軟硬體設備預算與採買規劃、安裝與維護網路安全系統、規劃與管理防火牆、網路系統配置、網路規劃管理、網路設備設定安裝","MIS程式設計師
、系統工程師
、網路管理工程師",待遇面議,無需出差外派
https://www.104.com.tw/job/6cs30?jobsource=joblist_search,網頁系統工程師(台中市),"工作內容：
1. 前後端系統設計、開發、測試、優化與維護。
2. 資料庫設計、執行與管理。 
3. 視覺介面與功能元件的佈局、開發、優化頁面效能等。 
4. 多瀏覽器版面相容性處理與響應式網頁設計。
5. 研發創新應用技術與功能。
6. 以團隊分工或獨立的工作模式處理每一個專案。

工作條件：(至少一項)
1. 前端開發技能，如CSS3、JS、jQuery、Ajax、RWD、Bootstrap等。
2. 單頁式框架，如Vue、angular、react等。
3. 後端開發技能，如ASP.Net、MVC、C#、MS-SQL、EF、WebService、API等。

薪水30000起，依能力與實務經驗敘薪。,不拘,Windows Server 2012、ASP.NET、C#、Visual C#、Visual Studio .net、MS SQL、MySQL、Oracle、JavaScript、jQuery、IIS
提升專業能力
提升專業能力,伺服器網站管理維護、軟體程式設計、資料庫程式設計","網頁設計師
、Internet程式設計師
、MIS程式設計師","月薪30,000~80,000元",無需出差外派
https://www.104.com.tw/job/6y70z?jobsource=joblist_search,全端軟體工程師,"1. 各類官網架設與維護。
2. 處理資料報表計算與電子商業活動。,1. 後端PHP語言,有JAVA開發經驗尤佳。
2. 前端HTML5, JavaScript, CSS , 和響應式設計（RWD）能力。
3. 資料庫MYSQL或其他關聯式資料庫操作經驗。
4. 可處理伺服器端Apache,有Tomcat處理經驗尤佳。
5. 使用LINUX系統操作。
6. 有使用雲端服務器經驗, AWS或是Gcloud。,不拘,不拘","軟體工程師
、MIS程式設計師",待遇面議,無需出差外派
https://www.104.com.tw/job/8hfp1?jobsource=joblist_search,助理設計師-台中,"1.負責相關系統程式、應用軟體系統程式維護及技術支援。
2.進行軟體之測試與修改。
3.網站或網路活動之系統分析及程式維護。
4.建置、管理與維護公司系統及客戶服務工作。
5.能配合國內出差(實報實銷，另給付膳雜費)。
上班地點：台中,熟Ajax、JQuery、AngularJs、Bootstrap、Web Service、資料庫:SQL-Server 2017以上、熟SQL語法、ASP.NET/C#.  NET Web-Base開發語言尤佳

1.對應用軟體設計、開發、維護、客戶服務工作有興趣者。 
2.邏輯能力佳、英文能力可，具物件導向設計觀念者、網際網路開發環境有經驗者佳。
3.有ERP開發經驗尤佳。,C#、HTML、JavaScript
提升專業能力
提升專業能力,不拘","系統工程師
、MIS程式設計師
、資料庫管理人員","月薪30,000~42,000元",需出差，一年累積時間未定
https://www.104.com.tw/job/8l3iw?jobsource=joblist_search,資訊程式開發人員,"1. 系統程式開發
2. 鼎新ERP WF系統操作/維護
3. MS SQL資料庫日常維運(備份、還原及故障排除)
4.協助使用者立案問題排查處理
5.協助部門專案執行事項
6. 其他主管臨時交辦事項
7. 精通SQL語法

加分項目
●實際有帆軟開發經驗者
●具備DW資料系統建置經驗、熟悉ETL資料處理工具,1. 數據庫的使用及管理經驗
2. 對數據分析應用及IT技術方案整合有高度自主學習意願
3. 與人溝通有耐心，抗壓能力強，思路清晰、協作能力強、有快速學習主動創新整合的能力,C、C++、ETL、MS SQL、Adobe Acrobat、Excel、PowerPoint、Word、鼎新
提升專業能力
提升專業能力,軟體程式設計、資料庫程式設計","MIS程式設計師
、軟體工程師
、資料工程師",待遇面議,需出差，一年累積時間約一個月以下
https://www.104.com.tw/job/8mt7r?jobsource=joblist_search,MIS/資通網管師助理,"1.維護電腦系統效能，維持其系統正常運作及除錯。
2.網站系統架構維護與更新
3.懂網站系統開發語言程式設計(PHP. ASP. NET. HTML5. Javascript. JQuery. Ajax)
4.懂資料庫後台/網站與維護能力   尤佳
5.資訊網路系統   尤佳
6.資訊設備管理
7.懂使用 Java（Spring Boot框架）開發相關功能
8.會使用 PHP(Drupal架構)
9.具備 Java 或 PHP 基礎程式開發概念，了解 Spring Boot 、Drupal 框架架構。
10.具 NAS 操作經驗（如 Synology 系統），了解基礎網路架構。,不拘,Fireworks、鼎新、Illustrator、Adobe Photoshop、Google Analytics、Firewall、CSS、jQuery、XML Web services、XML、Web Master/Developer、VBScript、JavaScript、HTML、Dreamweaver、MySQL、PHP
提升專業能力
提升專業能力,伺服器網站管理維護、網路應用軟體操作、網路設備設定安裝、規劃與管理防火牆、系統架構規劃與維護、資料庫軟體應用、資料庫程式設計、資料庫系統管理維護、網路程式設計、軟體程式設計、資料通訊與網路應用","MIS程式設計師
、網路管理工程師
、資料庫管理人員","月薪34,000~45,000元",無需出差外派
https://www.104.com.tw/job/23jga?jobsource=joblist_search,MIS資訊專員,"1.資訊資產相關軟硬體維護、障礙排解。
2.協助系統程式開發或維護。
3.參與事務所自媒體維運。
※電子報排版、相關網頁美編、教學影片錄製剪輯。,1.具相關工作經驗者佳。
2.熟電腦軟硬體操作。
3.個性活潑、細心負責。,Windows 10、Illustrator、Adobe Photoshop、Word、Visio、PowerPoint、Outlook、Excel、PHP、Windows 7
提升專業能力
提升專業能力,作業系統基本操作、電腦繪圖軟體操作、電子試算表軟體操作、文書處理軟體操作、資訊設備環境設定、資訊設備操作檢修、電腦設備裝配","MIS程式設計師
、其他資訊專業人員
、軟體工程師","月薪38,000元以上",無需出差外派
https://www.104.com.tw/job/6muhq?jobsource=joblist_search,客服工程師,"系統測試，客服

管理人數：10人以內,晚班6-10點，6:30-9:30分，月休6天。 
上班地點可任選,Linux、Mac OS、Android、iOS、Windows 8、Access、MS SQL、MySQL
提升專業能力
提升專業能力,不拘","電信／通訊系統工程師
、網路管理工程師
、MIS程式設計師",時薪190元,依公司規定
https://www.104.com.tw/job/8kf1h?jobsource=joblist_search,MIS系統工程師,"1.集團所屬各公司之MIS事務處理。
2.資訊機房之設備維護與管理。
3.廠區資訊通訊設備維護與管理。
4.網路管理。
5.資訊安全管理。
6.使用者電腦問題解決。
7.主管交辦事項辦理。,不拘,Excel、Outlook、PowerPoint、Word
提升專業能力
提升專業能力,電腦設備裝配、資訊設備操作檢修、資訊設備環境設定、系統架構規劃與維護、安裝與維護網路安全系統、網路系統危機管理、網路系統配置、網路設備設定安裝","MIS程式設計師
、系統工程師
、網路管理工程師","月薪35,000~45,000元",無需出差外派
https://www.104.com.tw/job/5ghgm?jobsource=joblist_search,MIS系統開發工程師-M2,"1.MIS系統需求分析
2.MIS系統設計與測試
3.MIS程式修改
4.員工專用電子表單維運與開發,1.MIS系統分析、系統開發與維護經驗。
2.具MIS開發技術，熟ASP.NET C#技術與工具、jQuery開發經驗者佳。,ASP.NET、C#
提升專業能力
提升專業能力,資訊設備操作檢修、資訊設備環境設定","系統工程師
、MIS程式設計師
、軟體工程師","月薪34,000~45,000元",無需出差外派
https://www.104.com.tw/job/8irvg?jobsource=joblist_search,系統分析師-B90B,"1. 為專案型工作，工作內容包含：參與需求訪談、系統分析及設計。
2. 技術需求：JSP 網站開發技術、Java 開發技術及資料庫等。 
3. 具備2年以上JAVA網站架構專案之系統分析/程式設計經驗
．熟悉 J2EE框架，包含Http運作原理及servlet及jsp。 
．熟悉SQL語法，能協助程式設計師分析資料源。,不拘,不拘,不拘","軟體工程師
、MIS程式設計師
、系統分析師",待遇面議,需出差，一年累積時間約一個月以下
https://www.104.com.tw/job/83fd8?jobsource=joblist_search,電腦軟體工程師,"1. ASP.NET MVC 程式開發及維護。
2. 具 WEB 程式開發經驗者佳。 
3. 熟悉javascript、jQuery...等前端技術者佳。 
4. 具MS-SQL操作及開發經驗者佳。,不拘,不拘,不拘","軟體工程師
、MIS程式設計師
、資料庫管理人員","月薪36,000~40,000元",需出差，一年累積時間未定
https://www.104.com.tw/job/6cs3k?jobsource=joblist_search,視窗系統工程師(台中市),"工作內容：
1. 系統設計、開發、測試、優化與維護。
2. 資料庫設計、執行與管理。 
3. 視覺介面與功能元件的佈局、開發、優化系統效能等。 
4. 設備與儀器的操作、串接、解析、運用等。
5. 至現場進行相關系統測試，維護。
6. 研發創新應用技術與功能。
7. 以團隊分工或獨立的工作模式處理每一個專案。

工作條件：
1. 程式開發相關技能，如C++、C#、VB等。
2. 儀器串接相關技能，如DICOM、COM port、WinSock、Threading等。
3. 相關技能，如MS-SQL、EF、Web-Service、API等。
4. 良好的英文閱讀能力。

薪水30000起，依能力與實務經驗敘薪。,不拘,C#、C++.Net、Visual Basic .net、Visual C#、Visual C++、Visual Studio .net、WinForm、MS SQL、MySQL、Oracle
提升專業能力
提升專業能力,網路資料傳輸、軟體程式設計、網路程式設計、資料庫程式設計","軟體工程師
、Internet程式設計師
、MIS程式設計師","月薪30,000~80,000元",無需出差外派
https://www.104.com.tw/job/86kya?jobsource=joblist_search,【總部】軟體開發工程師,"1、派工系統與自動化設備資訊整合
2、產線報工及生產設備數據蒐集
3、協助使用者系統操作與問題排除,不拘,C#、Java、JavaScript、Angular
提升專業能力
提升專業能力,軟體工程系統開發、軟體程式設計","軟體工程師
、MIS程式設計師
、系統工程師","月薪32,000~50,000元",需出差，一年累積時間未定
https://www.104.com.tw/job/8kk7e?jobsource=joblist_search,ABAP開發工程師,"1.負責ABAP程式/Query報表開發維護
2.依需求，設計應用系統畫面/商業邏輯/報表程式
3.使用者問題處理及流程優化,1.熟ABAP程式開發及SAP開發工作經驗
2.有ABAP Dialog開發經驗佳
3.具使用者需求溝通及分析經驗者佳
4.熟C#、Javascript加分

【資歷不符者，不另通知】,C#、JavaScript、SAP、ABAP
提升專業能力
提升專業能力,不拘","MIS程式設計師
、軟體工程師
、系統分析師",待遇面議,無需出差外派
https://www.104.com.tw/job/8h5s3?jobsource=joblist_search,維運工程師 Junior/Senior,"(1) 負責管理線上事件與第一線技術問題處理
(2) 依問題種類提出改善方法及追蹤改善成效
(3) 與開發人員密切協作與溝通
(4) 監管線上所有服務，確保服務運行正常
(5) 了解現有機制運作，完善問題處理 SOP 文件
(6) 通過研發或配置自動化工具來降低人工操作風險
(7) 需配合團隊值班 on-call (具津貼加給)

必備條件
1. 態度積極並具備良好溝通能力
2. 熟悉 Linux 系統操作
3. 熟悉任一腳本語言
4. 具有網路服務基本知識 (Networking、DNS、Load Balancing、TCP/IP、HTTP/HTTPS),不拘,Shell、MS SQL、AWS
提升專業能力
提升專業能力,資料備份與復原、資料庫系統管理維護、資料庫程式設計、資料庫軟體應用","系統工程師
、MIS程式設計師","月薪36,000元以上",無需出差外派
https://www.104.com.tw/job/7rej5?jobsource=joblist_search,資訊部門-資訊服務管理人員,"一. 資訊服務管理制度導入：
        了解資訊服務管理(ITSM)、IT治理之事件管理、問題管理、變更管理等標準流程，持
        有ITIL V3 Foundation以上、ISO 20000等證照，參與或使用過系統組態管理資料庫
       （CMDB）等ITSM資訊系統者為佳。
二. 資料庫權限與變更管理作業：
        熟悉MSSQL架構、版本控制軟體、T-SQL、SSIS 封裝佈署、MSSQL系統操作、JOB
        排程設定。
三. 分行資訊作業連繫窗口：
        曾擔任分行服務台、證券、會計、放款、數位金融等經辦職務，熟悉銀行分行作業。
四. 應用系統版控變更管理作業：
        具Jenkins及GitLab管理經驗，對DevOps、CI/CD、容器化、微服務及SDLC有基本程
        度瞭解者為佳。
五. 伺服器作業系統日常維護與管理作業：
        了解Windows、Linux作業系統操作、帳號管理、定期Patch等日常維運與管理作業。
六. ISO相關管理制度導入、維護與稽核：
        了解金融業內稽內控、資訊安全管理制度(ISO 27001)、個資保護管理制度(BS10012)
        、營運持續管理制度(ISO 22301)、智慧財產管理制度(TIPS)，具上述證照或曾任職於
        四大會計師事務所經驗者佳。

具上述工作內容二項以上經驗或學程經驗者。,熟悉MS Word(排版與樣式設定)、Excel(函式公式或VB)、Access、Power BI、曾任職於金融同業資訊部門等列為加分條件。,Access、Excel、Word、Power BI
提升專業能力
提升專業能力,不拘","網路管理工程師
、MIS程式設計師","月薪40,000~65,000元",無需出差外派
https://www.104.com.tw/job/7pb9r?jobsource=joblist_search,資深後端工程師(擴編),"負責網站後台系統的開發、維護和優化。
設計和開發資料庫，編寫 SQL 語句。
參與系統需求分析、設計和實現。

職位要求：

1. 熟悉 Python 語言和 Flask 框架。
2. 熟悉 SQL 語句和 MySQL、PostgreSQL 等關聯式資料庫。
3. 熟悉 Linux 系統，與 Git 版本控制工具。
4. 具備 Docker 相關經驗，能夠使用 Docker 部署、管理和維護後台系統。
5. 熟悉 Docker Compose，能夠使用它來管理多個容器的部署和連接。
6. 具備 Nginx 相關經驗，能夠配置、管理和優化 Nginx 伺服器。
7. 具備良好的代碼風格、可讀性和可維護性。
8. 具備良好的溝通、協調和團隊合作能力。
9. 具備獨立思考和解決問題的能力，能夠獨立完成任務。

×瑞艾專屬特殊福利：
除了職涯成長外，我們也重視每位夥伴的生活品質！
超彈性假期安排，每個月的週六(假日)，可自由與上班日對調，
自行安排連假，讓您方便安排出遊、陪家人朋友，做自己時間的主人！,不拘,Github、Python、PostgreSQL
提升專業能力
提升專業能力,網路程式設計、資料庫程式設計","資料庫管理人員
、MIS程式設計師
、網路管理工程師","月薪42,000~60,000元",無需出差外派
https://www.104.com.tw/job/87ow7?jobsource=joblist_search,【海外通路】UIUX 用戶體驗設計師 (數數發_台中CDC)_I00008673,"""【公司部門簡介 About Us】
國際消金發展部致力於推動海外數位金融，打造高品質、創新的數位金融服務。我們的團隊擁有金融及非金融領域的多元菁英，包括網路科技和數位行銷等專業。強調團隊合作文化，期待透過多元團隊創造前所未有的金融服務可能性，深入了解世界各國金融服務文化與特色。

【角色定位 Role & Responsibility】
- 負責與產品開發團隊緊密協作，尋找並建立提升用戶體驗、創造商業價值的數位金融合作機會。期待能引入創新元素，拓展消費者應用場景。
- 建立數位產品品牌視覺策略及規範，並確保設計產出與品牌形象相符。
- 設計和規劃各種視覺識別素材，包括：視覺形象、平面廣告和市場行銷素材等，從而強化用戶對品牌的體驗及識別性。
- 與介面設計師密切合作，透過一致的產品視覺與體驗策略，創造用戶品牌忠誠度。

【 職務需求 Job Requirements 】
- 與團隊進行資訊架構、功能與流程的規劃設計，熟悉開發實作與優化迭代。
- 與其他設計師一起協作完成畫面設計，且定義與建制友善的設計系統規範。
- 獨力主持或執行提案報告，熟悉 Design Thinking Process 且可闡述設計概念與操作邏輯。
- 熟悉 iOS、Android 雙系統設計規範 (Google Material Design及 Apple Human Interface Guidelines)。
- 有原子設計 、Design Token且產出 Wireframe、User Flow、Prototype 以及 UI Mockup 能力。
- 熟悉 Figma、Sketch、Adobe Illustrator、Photoshop 等相關視覺設計軟體 。
- 重視與團隊夥伴的合作氛圍，樂於接納不同的觀點和工作方式。
- 樂觀進取、積極主動；敢於創新、挑戰不同。
- 需國內外出差。

Note : 請檢附作品集 Behance 或其他形式的 portfolio (含向量插畫、UI 作品佳)。

【發展與培訓 Development & Training】
目前正在積極拓展海外市場，工作充滿挑戰。加入我們一起成為台灣發展海外數位消金平台的引領者，在這個嶄新且具有挑戰性的環境，實現不斷成長的可能。國泰將提供多元的集團培訓計畫，包含專業的產品知識訓練，再依據需求有機會報名參加由集團與知名企業合作的數位行銷、分析、使用者體驗等相關課程，有趣的定期講座和實用的實戰工作坊。同時也有申請外部課程進修補助管道。此外，您還有機會深入了解不同業務部門，發掘並深化在您感興趣的專業領域的工作。我們誠摯邀請您一同踏上這個充滿發展機會的旅程。
"",【 加分條件 Plus 】 
- 動畫製作能力
- 用戶研究能力
- 數位內容設計、人機互動設計相關學士或碩士以上學歷
- 東南亞產品 App 規劃相關經驗
- 優異的英文溝通能力,不拘,品牌行銷管理、平面設計理論、視覺設計相關知識、使用者介面設計、網頁軟體操作","軟體工程師
、視覺設計師
、MIS程式設計師",待遇面議,需出差，一年累積時間未定
https://www.104.com.tw/job/8o2ha?jobsource=joblist_search,資深系統程式設計師,"1.ERP Java系統程式開發維護.
2.系統技術研究與專案推動上線,不拘,Java
提升專業能力
提升專業能力,不拘","後端工程師
、軟體工程師
、MIS程式設計師",待遇面議,無需出差外派
https://www.104.com.tw/job/7t9zy?jobsource=joblist_search,中港廠-CIM資訊工程師T961101,"1. SECS/ GEM通訊連線技術開發 (EAP) 
2. 看懂機台SECS Manual 
3. 工廠機台自動化系統(BC/EAP)介面規格訂定及介面系統開發 
4. 機台自動化系統功能開發與維護 
5. 生產資料的收集與整理(RTM) 
6. DCS派送程式開發與維護(C#)
7. 專案執行與跨單位協調溝通
8. 主管交辦事項
9. 具有分析問題、解決問題能力,不拘,C#、MES
提升專業能力
提升專業能力,不拘","MIS程式設計師
、MES工程師
、軟體工程師","月薪30,000~55,000元",無需出差外派
https://www.104.com.tw/job/6gywe?jobsource=joblist_search,MIS 網管,"1. 熟悉ERP的使用並且能輔導新進人員學習使用ERP
2. 能夠排除ERP上遇到的問題並導正
3. 提供季度和年度的各類報表數據於管理層
4.簡易的電腦硬體和軟體維護
5. 公司網頁的維護,不拘,不拘,不拘","營運管理師／系統整合／ERP專案師
、MIS／網管主管
、MIS程式設計師","月薪40,000~45,000元",無需出差外派
https://www.104.com.tw/job/6gehf?jobsource=joblist_search,MES資訊工程師/副工/助工,"現場生產管制 (Shop Floor Control)系統開發,1.積極、負責，具良好溝通能力。
2.具現場生產管制 (Shop Floor Control) 系統開發經驗尤佳。
3.具大型資料庫程式開發經驗尤佳(SQL Tunning)。,Java、PHP、ANSI SQL、Informix、JavaScript
提升專業能力
提升專業能力,資料庫系統管理維護、資料庫程式設計、MES工廠執行系統規劃管理、企業資源規劃管理(ERP)、系統架構規劃與維護","MIS程式設計師
、MES工程師","月薪34,000~60,000元",無需出差外派
https://www.104.com.tw/job/76xy6?jobsource=joblist_search,TipTop ERP 程式開發工程師,"★ 加入中傑集團，開啟你的職涯新篇章 ★
中傑集團正迅速發展，我們熱切尋找渴望成長的你！無論你是否具備鞋業經驗，只要你有學習的熱情和進取心，我們都歡迎你來挑戰自己，展示才華！

 我們提供：
◆鼓勵自我學習的環境
◆工作上想法的實踐
◆明確的升遷管道
◆具競爭力的薪資
◆豐富的學習和發展機會

【工作內容】
1. TipTop GP 4gl 程式維護
2. 熟TipTop 模組流程佳

★期待遇見這樣的你★
◆有當責精神、具時間管理觀念
◆願意謙卑，彎身做實事
◆願意學習，持續提升自我
◆願意傳承，建立與培養團隊,不拘,Oracle
提升專業能力
提升專業能力,系統維護操作、軟體工程系統開發、軟體程式設計、資料庫系統管理維護、企業資源規劃管理(ERP)","MIS程式設計師
、資料庫管理人員
、系統工程師",待遇面議,需出差，一年累積時間約三個月以下
https://www.104.com.tw/job/3oy9x?jobsource=joblist_search,程式設計師-B90C,"1. 負責專案開發與維護
2. 具備Java開發經驗一年以上，有使用過 SQL、javascript
3. 程式設計與撰寫
4. 協助分析系統並提出建議
5. 程式單元測試
6. 協助系統整合測試
7. 撰寫具備Java web application經驗,不拘,Java、JSP、Oracle、Tomcat、JavaScript、Angular
提升專業能力
提升專業能力,系統整合分析、軟體工程系統開發、軟體程式設計","軟體工程師
、Internet程式設計師
、MIS程式設計師","月薪35,000~40,000元",無需出差外派
https://www.104.com.tw/job/8n4pb?jobsource=joblist_search,"[關係企業] 軟體前端開發flutter工程師 (薪優,工作地點-福科路)","負責網站前端開發、維護並優化頁面效能。
與後端工程師協同合作。
對學習新技術具有熱情，具備良好的溝通及團隊合作能力。
Mobile APP開發 (Flutter)
具備瀏覽器相容性版面調整經驗。
熟悉 RESTful API。
-----------------------------------------------------------

關係企業代徵- 資訊業經歷者優
面試與工作地點: 台中市西屯區福科路168號3樓  盛網科技
**現代化簡約設計感辦公室、年輕衝勁的團隊，歡迎您加入**,不拘,HTML、jQuery、CSS、VueJS、Angular
提升專業能力
提升專業能力,軟體工程系統開發、軟體程式設計、資料庫程式設計、資料庫軟體應用","軟體工程師
、軟體助理工程師
、MIS程式設計師","月薪35,000~55,000元",無需出差外派
https://www.104.com.tw/job/8aciy?jobsource=joblist_search,【總部】ERP工程師,"1.鼎新T100 ERP系統程式客制撰寫、報表開發、流程規劃管理及維護。
2.負責各模組系統分析及推動系統上線與後續維護等工作。
3.協助國內外使用者系統操作與問題排除。
4.協助集團整體資訊自動化之發展與應用。
5.協助製造相關系統導入工作。
6.其他主管交辦事項。,不拘,C#、Informix、MS SQL、Oracle、JavaScript、Excel、Outlook、PowerPoint、Word、鼎新
提升專業能力
提升專業能力,系統架構規劃、系統整合分析、軟體工程系統開發、資料庫程式設計、系統架構規劃與維護","MIS程式設計師
、軟體工程師
、軟體專案主管",待遇面議,需出差，一年累積時間未定
https://www.104.com.tw/job/7ermk?jobsource=joblist_search,ASP.NET MVC 資深軟體工程師,"●工作內容
1.網頁版EPR系統開發
2.帶領團隊建置產品,具備架構規劃能力



●技能要求
1. 具備ASP.NET C# 軟體開發經驗，熟悉.NET、.NET Core框架
2. 具備MS SQL應用開發經驗，熟悉T-SQL基礎， Entity Framework Core 開發
3. 具備JavaScript及AJAX應用開發經驗，有基礎CSS or HTML5網頁技術應用經驗
4. 具備開發、串接 Web API / Restful API 經驗
5. 掌握程式碼品質及可維護性


●擅長工具：
程式語言：C# (至少3年以上)
開發框架：ASP .NET 、ASP .NET Core MVC
資料庫：MS SQL
伺服器：Windows Server、SQL Server
網頁伺服器軟體：IIS
雲端平台：Azure、AWS、(具備基礎規劃、建置能力)

★薪資面議★,不拘,AJAX、ASP.NET、Visual C#、MS SQL
提升專業能力
提升專業能力,系統架構規劃、軟體工程系統開發、軟體程式設計","軟體工程師
、MIS程式設計師
、軟體專案主管","月薪40,000~60,000元",無需出差外派
https://www.104.com.tw/job/7w99v?jobsource=joblist_search,資深程式設計師-台中,"1.負責相關系統程式、應用軟體系統開發的程式撰寫及技術支援。
2.進行軟體之測試與修改。
3.網站或網路活動之系統分析及程式撰寫。
4.建置、管理與維護公司系統及客戶服務工作。
5.能配合國內出差(實報實銷，另給付膳雜費)。
6.須具備程式撰寫能力，有相關程式撰寫經驗或相關科系畢。
上班地點：台中市西區,熟Ajax、JQuery、AngularJs、Bootstrap、Web Service、資料庫:SQL-Server 2017以上、熟SQL語法、ASP.NET/C#.  NET Web-Base開發語言尤佳

1.對應用軟體設計、開發、維護、客戶服務工作有興趣者。 
2.邏輯能力佳、英文能力可，具物件導向設計觀念者、網際網路開發環境有經驗者佳。 
3.有ERP開發經驗尤佳。,C#、HTML、JavaScript
提升專業能力
提升專業能力,不拘","軟體工程師
、Internet程式設計師
、MIS程式設計師",待遇面議,需出差，一年累積時間未定
https://www.104.com.tw/job/8o3lw?jobsource=joblist_search,契約資訊副工程師(.NET),"一、國內外大學或獨立學院資訊相關科系學士以上畢業者且具與擬任工作相當之工作經驗，或其他科系學士以上畢業且具與擬任工作相當實務經驗一年以上者。
二、具C#、Windows Form、Web Form及Oracle資料庫經驗，能獨立撰寫應用程式者尤佳。
三、熟悉HTML/HTML5,CSS,Java script和通用javascript Lib 如jQuery,Angular, TypeScript等。
四、依國軍退除役官兵輔導條例第六條規定，條件相等而為因公致身心障礙退除役官兵及一般退除役官兵者，依序優先錄用。
五、領有身心障礙手冊或具有就業弱勢身份者，加總分百分之五，惟須經本院評定與適任之工作能力者始得錄用。
六、工作項目：
(一)醫療資訊系統開發維護，程式開發人員(.NET)。
(二)可配合工作加班趕辦進度。
(三)各類臨時交辦事項。
(四)若為本院現職人員，需經單位主管同意始得報名 (報名表-請至本院首頁/訊息專區/徵才訊息下載)。,不拘,C#、Oracle、HTML、CSS、JavaScript、jQuery、Angular
提升專業能力
提升專業能力,不拘","軟體工程師
、MIS程式設計師
、系統分析師","月薪40,000元以上",無需出差外派
https://www.104.com.tw/job/7xyyy?jobsource=joblist_search,中港廠-日班輪班資訊工程師 T961100,"1.生產系統異常排除及維運。(EAP、MES、RTD等系統)
2.不須做程式開發，但須有基本資訊系統運作概念(資訊相關科系佳)
3.建立異常處理SOP、交接日誌撰寫。
4.視情況會需要進去無塵室做現場異常排除。
5.做二休二，09:00-21:00,不拘,不拘,不拘","MIS程式設計師
、MES工程師
、軟體工程師","月薪30,000~50,000元",無需出差外派
https://www.104.com.tw/job/5kyje?jobsource=joblist_search,科服處-資深工程師,"✅這個工作需要您
1. 熟悉 C# 語言（ASP.NET MVC 或 Web Form）
2. 熟悉 MSSQL 及 SQL語法。
3. 曾開發 API 經驗
4. 了解 Git 基礎操作
5. 具HTML/CSS/JavaScript/JQuery 等技術使用經驗。

----------------------------
❤️我們的福利制度
1. 法令規定之各項勞、健保與退休金
2. 團隊獎金
3. 婚喪喜慶補助
4. 健康檢查補助
5. 年度旅遊補助
6. 生日禮金
7.三節禮品(禮金)
8. 年終獎金
9. 生日當月享生日假一天
10. 不定期公司聚會與集團尾牙,不拘,不拘,不拘","MIS程式設計師
、演算法工程師
、資料庫管理人員",待遇面議,無需出差外派
https://www.104.com.tw/job/8aruz?jobsource=joblist_search,助理工程師 (籌備處),"1. 設定、檢修網路設備。
2. 負責日常技術文件的整理和數據的收集、分析工作
3. 協助進行產品測試、故障診斷及排除，確保系統或產品的正常運行
4. 提供公司內部使用者的軟硬體設備支援和維護服務
5. 需配合公司的人力調度
6. 培訓後將調整薪資
7. 無經驗、肯學習者可,學習意願高、EQ高、穩定高度者尤佳。
若有以上證書為佳。,Linux、Vmware、Windows Server 2019、Windows 10、Windows Server 2012、Windows 8、iOS、Windows Server 2008、Windows XP、Mac OS
提升專業能力
提升專業能力,資訊設備環境設定、資料備份與復原、作業系統基本操作、伺服器網站管理維護","網路管理工程師
、MIS程式設計師
、系統工程師","月薪30,000元以上",需出差，一年累積時間未定
https://www.104.com.tw/job/6u0wa?jobsource=joblist_search,軟體工程師,"工作內容：
1.程式開發
2.系統測試
3.系統維護
4.文件撰寫
5.使用者教育訓練
6.專案執行
7.主管交辦事項,1.具前/後端/全端程式開發經驗
2.具資料庫操作、開發經驗
3.熟悉Stored Procedure / Transaction 語法撰寫
4.具C#程式開發經驗者佳,不拘,不拘","MIS程式設計師
、軟體工程師",待遇面議,需出差，一年累積時間未定
https://www.104.com.tw/job/6bs9v?jobsource=joblist_search,Node.js / Javascript 工程師,"We are looking for a developer who likes a challenge and is not afraid of ambitious goals. We are an innovative 
company striving to always improve to provide brighter futures for our clients, employees and businesses. 

The Role: 
- participate in the architecture and design of the front-end/back-end of web applications 
- deliver high quality code to production 

Requirements: 
- Experience with Javascript/NodeJs. Preferrably with ES6 

Nice to Have: 
- Experience with Docker 
- Experience with Client side libraries 
- Experience with SASS css 

Why join us? 
- Fast and continuous growth 
- Use industry best practices and modern programming tools. Javascript fullstack environment 
- great working environment 
- mandarin not required 

協助工程師完成電商軟體系統 
有以下三項使用經驗者佳 
1、Html5 
2、CSS3 
3、Javascript/NodeJS 

期待…… 
具團隊合作精神 
有獨立解決問題能力 
態度積極負責 
有同理心好相處 
歡迎加入我們的團隊！,未填寫,JavaScript
提升專業能力
提升專業能力,不拘","Internet程式設計師
、軟體工程師
、MIS程式設計師",待遇面議,無需出差外派
https://www.104.com.tw/job/7x2gu?jobsource=joblist_search,【企業總部】網路資安工程師,"1. 規劃、管理和維護網路系統，防制網路駭客入侵，建立危機處理標準流程。
2. 資安系統架構規劃、管理，資安數據彙整、統計分析、風險評估，資安事件處理及改善。
3. 公司資安治理政策、程序、辦法訂定等文件撰寫調整與維護，資安法令遵循之管理與追蹤。
4. 規劃與執行資訊安全教育訓練與宣導。
5. 建置及落實資訊安全管理制度(ISO27001)。
6. 設定電腦與周邊硬體系統，電腦機房規劃、架設及管理各種伺服器。,不拘,Linux、UNIX、Firewall
提升專業能力
提升專業能力,資訊設備操作檢修、資訊設備環境設定、安裝與維護網路安全系統、規劃與管理入侵防護系統（IPS）、規劃與管理防火牆、規劃與管理網路入侵檢測系統（NIDS）、設計網路安全系統、網路安全架構分析與設計、網路系統危機管理","MIS程式設計師
、資訊設備管制人員
、網路安全分析師",待遇面議,無需出差外派
https://www.104.com.tw/job/7ywv9?jobsource=joblist_search,資訊軟體工程師,"1.ERP等現有系統維運及異常處理。
2.數據分析及軟體程式開發。
3.專案管理。
4.其他主管交代事項。,1.基本資料庫操作及維護，具SQL語言能力。
2.對數據分析及呈現有興趣。
3.略懂ERP運作邏輯。
4.具備團隊合作及跨部門溝通能力。,C++、Python、MS SQL、MySQL、Oracle、JavaScript、鼎新
提升專業能力
提升專業能力,系統架構規劃、軟體工程系統開發、軟體程式設計、資料庫程式設計","MIS程式設計師
、軟體工程師
、系統分析師","月薪33,000~38,000元",無需出差外派
https://www.104.com.tw/job/7h0e0?jobsource=joblist_search,JAVA程式設計師,"1、2年以上開發經驗。
2、熟練掌握主流開發框架，如：SSM、Spring Boot、微服務架構等並且熟悉其底層架構和原理。
3、熟悉設計模式、資料庫語法等。
4、熟練掌握MQ、Kafka、Tomcat、Nginx等中間應用層AP元件技術。
5、負責後台服務功能模塊的分析、設計、編碼及測試工作。
6、參與系統的需求調研、分析及設計工作，
      解決日常應用中的系統各種技術性問題。
7、完成公司交辦的其他工作。
8、樂於溝通、主動回報問題。
9、此職位需值勤處理線上問題。,不拘,Linux、Github、Git、Java、Spring、MySQL、Tomcat
提升專業能力
提升專業能力,系統維護操作、系統整合分析、軟體工程系統開發、軟體程式設計、系統架構規劃與維護","軟體工程師
、Internet程式設計師
、MIS程式設計師",待遇面議,需出差，一年累積時間未定
https://www.104.com.tw/job/6wvzv?jobsource=joblist_search,資訊技術員,"1.具電腦維修及網路維護經驗者
2.相關資訊工作經驗1-2年以上.
3.有工作熱誠.責任感.學習能力強
4.具醫療資訊經驗者佳,不拘,不拘,不拘","其他資訊專業人員
、系統工程師
、MIS程式設計師","月薪28,590~45,000元",無需出差外派
https://www.104.com.tw/job/8dx75?jobsource=joblist_search,軟體、系統維管工程師,"1.ERP程式增修作業與跨部門系統問題諮詢與回覆。
2.配合專案需求，能完成需求探討分析及提供解決方案。
3.協助主管交辦事項處理。,不拘,不拘,企業資源規劃管理(ERP)","其他資訊專業人員
、MIS程式設計師","月薪35,000~45,000元",無需出差外派
https://www.104.com.tw/job/5ttyk?jobsource=joblist_search,ASP.NET工程師 / 資深工程師 (台中),"「我們需要您負責的工作項目」 
1. ASP.NET C# 軟體開發，理解 ASP.NET MVC 框架，有ORM基礎認識 
2. 了解MS SQL應用開發，具備一定的T-SQL基礎，認識NoSQL的價值 
3. 了解JavaScript 及 jQuery(尤佳)，AJAX應用，基礎CSS or HTML5網頁技術應用 
4. 了解WebService及API概念 
5. 知悉RESTful軟體架構 
6. 掌握程式碼品質及可維護性 
7. 產品開發與後續維護
8. 有Java (for Windows)開發經驗者，亦可

*薪資待遇 可依學經歷相關經驗另談


「科技創造智慧生活」
搶先將金融科技與零售科技融合是我們的現況，不斷追求服務與創新是我們的目標，
研發並貼近生活的應用是我們團隊的願景，立足台灣邁向國際是我們的下一步。

如果您渴望找一個能自由發揮、活力十足的伙伴、不斷學習新技術的團隊，歡迎與和我們聊聊！,不拘,不拘,系統架構規劃、軟體工程系統開發、結構化程式設計、資料庫程式設計","Internet程式設計師
、軟體工程師
、MIS程式設計師",待遇面議,需出差，一年累積時間未定
https://www.104.com.tw/job/8k8wz?jobsource=joblist_search,【114研發替代役】開發工程師 | 工程開發處(技能養成/台中),"★ 歡迎具114年度研發替代役資格者踴躍投遞履歷 ★

【關於采威】 
采威國際（股票代號：6868）創立於2000年，為AI智慧雲端服務軟體暨平台開發商，公司服務核心以雲端平台、5G技術、AI人工智慧與數據科技為主軸，提供雲端應用服務、智慧方案及系統整合等服務，客戶群橫跨製造業、零售服務業、政府...等，客戶數超過6000家，且與國際大廠Microsoft、Oracle、Autodesk、CheckPoint、F5皆為合作夥伴。營運總部位於台中，在台北與高雄皆設有營業據點，為中部代表性資訊服務商。

【工作內容】
1.負責產品及客製功能程式開發與維護。
2.與系統導入顧問合作協助專案調修單處理。
3.工作中使用C# .Net MVC及MSSQL、HTML、JavaScript。
4.主管交辦事項。

※2025年暑期需先到公司實習※
※投遞前再請確認具114年度研發替代役資格※

加入我們，和一群充滿熱情的夥伴共同成長，我們期待你的加入，一起改變未來！
『We are dreamers!』,1.具ASP .NET(C#)開發經驗者佳 
2.具MVC架構開發經驗者佳,ASP.NET、C#、MS SQL、JavaScript、jQuery
提升專業能力
提升專業能力,軟體工程系統開發、軟體程式設計、資料庫程式設計","軟體工程師
、MIS程式設計師
、Internet程式設計師","月薪42,000元以上",無需出差外派
https://www.104.com.tw/job/85m1q?jobsource=joblist_search,HO-【集團總部】MIS資訊工程師,"1.資訊硬體維護、檢修及故障排除，軟體安裝等
2.使用者端電腦設備與網路環境等問題之排除維護
3.中大型辦公網路/防火牆/儲存設備等規劃及維護
4.NAS、EMail Server管理與操作
5.Vmware 建置與部署
6.資訊安全及監控，規劃及解決方案
7.系統建置與維護 (Windows, Linux) 
8.與使用者和管理階層溝通，評估新舊設備採購、汰換需求。
9.其他主管交辦事項

【職工福利】
◆節慶禮金：婚喪喜慶補助、三節禮金、生日禮金。　 
◆安心保障：勞保、健保、退休金提撥。
◆休假制度：到職滿半年給予特休假、產假、陪產假、勞基法定假別。
◆教育訓練：定期舉辦教育訓練及內、外部講師課程。
◆福委會：提供婚喪喜慶禮金、端午節禮金、中秋節禮金、生日禮金、生育禮金、勞動節禮金。
◆休閒活動：員工慶生會、旅遊補助津貼、各項多彩多姿休閒競賽活動、員工表揚大會、優良員工評選...等。
◆專屬優惠：享大買家禮券優惠折扣。
◆升遷規劃：完整的績效考核制度及系統，定期進行個人的考核評估，作為調薪、獎金發放個人未來升遷依據，重視人才的養成及培訓。


【經營理念】
大買家秉持誠信、創新、專業及永續經營的理念，新業態的網路量販通路提供顧客更方便、更滿意的購物資源，歡迎有理想的夥伴一同加入我們的大家庭。,不拘,Excel、Word
提升專業能力
提升專業能力,伺服器網站管理維護、安裝與維護網路安全系統、規劃與管理防火牆、網路系統危機管理","MIS程式設計師
、MIS／網管主管
、網路管理工程師","月薪35,000~38,000元",無需出差外派
https://www.104.com.tw/job/8bzwd?jobsource=joblist_search,資訊人員儲備幹部,"1.系統分析程式撰寫開發與維護.
2.電腦資訊系統維護.
3.其他主管交辦事項.,不拘,Delphi、C#、MS SQL、Oracle
提升專業能力
提升專業能力,系統整合分析、軟體程式設計、資料庫程式設計、企業資源規劃管理(ERP)","MIS程式設計師
、系統工程師
、軟體工程師","月薪40,000~60,000元",無需出差外派
https://www.104.com.tw/job/8ec0j?jobsource=joblist_search,【數位技術】CIM專案整合工程師-台中廠-R08,"CIM專案整合工程師是負責導入和整合自動化和數位化技術到製造流程中的專家，這個職務將會遇到不同的專案。
每個專案對於公司都至關重要，並且在友達智能轉型中扮演著關鍵角色。

以下是預計會接觸的專案，將會視工作情況與組織策略執行進度進行安排。

【專案內容】
1. 彈性製造與自適應工廠導入專案：負責研究和導入新技術，使工廠能夠擁有更靈活和自適應的製造流程。
2. 生成式AI應用QA專案：運用生成式AI建置QA機器人
3. 製造韌性優化改善專案：設計和實施提高製造過程韌性和效率的方案，並持續優化改善製造流程。
4. 工廠改機擴線之規格討論與測機：負責導入新設備和技術，並進行工廠擴建和改機的規格討論和測試。
5. 為製造流程中的系統提供維護和支持服務，並提出改善提案，負責系統的上線管理。
6. 工廠自動化與數位化系統建置與導入：製造系統的自動化和數位化建置，包括MES、TCS、BC等系統的導入和良率收集分析。


【工作條件】
1.自動化工程PLC程式撰寫、網路規劃建置、機台自動化整合經驗
2.資料科學與大數據分析應用
3.AI或其他工廠生產專案應用導入經驗 
4.擔任過PM可負責專案規劃與執行,跨單位資源協調,時程控管等經驗
5.生產資訊系統(ex: MES/BC/Report等) 操作維護或編程,不拘,不拘","MIS程式設計師
、AI工程師",待遇面議,無需出差外派
https://www.104.com.tw/job/8nf7i?jobsource=joblist_search,250212資訊發展中心 資深工程師,"【工作說明】
1.維運產線MES程式並進行相關開發作業，設計廠區使用之程式及AIOT設備連線及開發。

【技能條件】
1.具備程式開發經驗Python / C# /Laravel/ 程式經驗及MES系統及IOT設備。
2.相關管理軟體佳: PHP/VmWare / Fortinet / Python / Java / SQL Server / MySQL / Docker / K8s,未填寫,Excel、PowerPoint
提升專業能力
提升專業能力,不拘","軟體工程師
、MIS程式設計師",待遇面議,需出差，一年累積時間約一個月以下
https://www.104.com.tw/job/83bqm?jobsource=joblist_search,(資訊類)網站全端工程師-SES,"1. 網站前後台開發與維護。
2. 現有系統維護、報表開發。
3. 負責官網各項需求，建構企業內部網站開發平台及熟悉內部系統運作。

*ps.本職缺依經驗及能力晉用與核薪,1. 態度佳願意學習，無經驗可。
2. 具JavaScript、HTML、PHP基礎開發能力。
3. 了解 AJAX、CSS、jQuery、RWD 使用方法及網站架構。
4. 了解 ASP.NET core MVC (C#/Razor) 基本概念。
5. 了解WebService及API基本概念，外部API串接。
6. 具 MS SQL Server 資料庫設計能力。
7. 具WordPress架站、套版、外掛應用經驗。,AJAX、ASP.NET、PHP、MS SQL、HTML、JavaScript、XML Web services、jQuery、CSS
提升專業能力
提升專業能力,不拘","MIS程式設計師
、軟體工程師
、全端工程師",待遇面議,無需出差外派
https://www.104.com.tw/job/7dxpd?jobsource=joblist_search,Java程式設計師(台中),"1. 熟悉 Java 程式語言，有證照尤佳
2. 熟悉SQL語法，具有 O/R mapping 相關產品運用經驗 
3. 熟悉JavaScript 網頁程式，具有MVC架構開發經驗
4.     完成主管交辦事項,不拘,Java
提升專業能力
提升專業能力,不拘","Internet程式設計師
、系統分析師
、MIS程式設計師","月薪35,000~40,000元",無需出差外派
https://www.104.com.tw/job/82869?jobsource=joblist_search,資深程式設計師-B90B,"-【工作內容描述】
1. 負責專案開發與維護
2. 具備Java開發經驗三年以上，有使用過 SQL、javascript 
3. 程式設計與撰寫
4. 協助分析系統並提出建議
5. 程式單元測試
6. 協助系統整合測試
7. 撰寫具備Java web application經驗

-【如果你還有這些加分條件】
1. 有學習熱忱及工作熱忱、細心、抗壓力強。
2.配合專案營運狀況，能機動性加班。

-【任職三個月內需通過內部考核】,不拘,Java、JSP、Tomcat、JavaScript
提升專業能力
提升專業能力,系統整合分析、軟體工程系統開發、軟體程式設計","軟體工程師
、Internet程式設計師
、MIS程式設計師",待遇面議,無需出差外派
https://www.104.com.tw/job/75fyc?jobsource=joblist_search,軟體工程師(★作息正常),"工作內容
設計及開發銀行用系統及程式，供櫃台行員及銀行客戶使用。
※無須推廣金融業務
※生活作息正常

(一)網路應用類：
    1.了解.NET、.NET Core、HTML、JavaScript、jQuery 及 Web service 等相關 Web 應用開發之技術。
    2.了解關聯式資料庫系統佳。
    3.熟悉 MFC 及 Win32 API，Windows Programming 有兩年以上的經驗。 

(二)手機、平板等行動應用類：
    1.具 Android 或 iOS 之 app 開發經驗。
    2.能研讀原文技術文件並加以消化吸收。

其他需求：
   1.具網路系統及資訊安全經驗。
   2.未來能接受其他程式語言教育訓練。
   3.具有自學能力

致 求職者：
　銀行業對IT的投入相當高，國內大型銀行一年10億元之IT預算也很常見。

　進入社會工作，除了領薪水，日後也會接觸資金管理、投資理財、行動及各項支付、辦理購屋或消費貸款、信用卡... 而與銀行往來。銀行與我們的生活密切相關，資訊人員到銀行工作，可以有更多機會接觸及學得金融、法律及理財知識，幫助你規劃人生。

　富經驗佳；剛從學校出來，經驗稍缺、資質良好的朋友，我們樂意提供養成教育，可以在這裡獲得學習、成長的機會！

　我們提供良好的待遇，公司信譽卓著，穩健可以長久的工作，歡迎優秀朋友加入。

　本行為少數總行位於中部之銀行，資本額逾90億元、員工逾1,100人。
各項業務電腦系統--包括櫃台後台系統、核心交易及帳務系統、電子商務、各項自動化應用 (手機 app、官網、個人及行動網銀、企業網銀、金融卡及ATM、信用卡、電話語音 ...)、電子印鑑系統、業務支援系統、電子公文、OA ...等，均為自行開發，研發能力良好。

IBM Unix、Linux、Windows server、VM、Android、iOS、Raspberry Pi、Android box ... 等之系統均有運用，並建置有異地備援中心。

我們的作息正常，辦公室氣氛良好，應屆畢業(退伍)同樣歡迎。　
歡迎對銀行資訊工作有興趣、希望於中部定居及工作的朋友加入。,不拘,不拘,不拘","軟體工程師
、Internet程式設計師
、MIS程式設計師",待遇面議,無需出差外派
https://www.104.com.tw/job/6xl3m?jobsource=joblist_search,【總管理處】系統開發工程師,"1.程式開發與維護資訊系統。
2.配合公司內部或專案需求，完成跨部門團隊合作專案。
3.資訊系統、網站系統程式設計、開發、維護與資料庫管理。,不拘,Git、ASP.NET、C#、MS SQL、JavaScript
提升專業能力
提升專業能力,軟體程式設計、網路程式設計","軟體工程師
、Internet程式設計師
、MIS程式設計師",待遇面議,無需出差外派
https://www.104.com.tw/job/8j9fv?jobsource=joblist_search,MIS工程師,"1.電腦軟、硬體各項設備的安裝或組裝
2.管理與維護電腦、網路和資料，並進行備份工作
3.配合資訊作業處理相關作業及問題排除
4.協助網通設備（防火牆、路由器、交換器、無線AP）、規劃、建置、管理、監控及故障排除
5.資料備份與復原
6.資訊設備環境設定,不拘,不拘,不拘",MIS程式設計師,"月薪35,000~40,000元",無需出差外派
https://www.104.com.tw/job/8n8tc?jobsource=joblist_search,程式開發系統分析師-71130(台中),"1. 具備系統開發專案經驗3年以上。
2. 系統分析、系統設計及程式開發與維護。
3. 程式基本除錯(Debug)。
4. 撰寫系統開發技術文件。
5. 具備良好的溝通協調能力。
6. 具有問題解決能力及團隊合作精神。
7. 具備Javascrip + CSS、ASP.NET MVC 、C#、Python、SQL等開發與維護經驗者，尤佳。
8. 熟悉資料庫(SQL Server)環境設定調校經驗者，尤佳。,加分條件： 
1. 具備MS SQL資料庫使用或SSMS使用經驗。 
2. 具備Visual Studio Code經驗。 
3. 具GIS觀念者佳。 
4. 具Boostrap使用經驗者佳。 
5. 有開發過ASP.NET WebAPI經驗者佳。 
6. 有物件導向開發經驗者佳。 
7. 有Python經驗者佳。,ASP.NET、C#、Visual Studio、MS SQL、JavaScript、jQuery、CSS
提升專業能力
提升專業能力,文書處理軟體操作","軟體工程師
、MIS程式設計師
、系統分析師",待遇面議,需出差，一年累積時間未定
https://www.104.com.tw/job/7h1s8?jobsource=joblist_search,資深軟體工程師,"工作內容：
1.程式開發
2.系統測試
3.系統維護
4.文件撰寫
5.使用者教育訓練
6.專案執行
7.主管交辦事項,1.具前/後端/全端程式開發經驗
2.具資料庫操作、開發經驗
3.熟悉Stored Procedure / Transaction 語法撰寫
4.具C#程式開發經驗者佳,不拘,不拘","MIS程式設計師
、軟體工程師",待遇面議,需出差，一年累積時間未定
https://www.104.com.tw/job/8k9go?jobsource=joblist_search,台中_資訊專案工程師,"1. 相關系統程式開發、管理與維護
2. 評估規劃資訊專案， 至海外廠區推動與執行,*相關製造業背景優先考量
*須可配合長期出差海外,ASP.NET、Java、Oracle、PL/SQL
提升專業能力
提升專業能力,專案溝通╱整合管理、軟體程式設計、網路程式設計、資料庫程式設計","軟體工程師
、營運管理師／系統整合／ERP專案師
、MIS程式設計師",待遇面議,需出差，一年累積時間約三個月以下
https://www.104.com.tw/job/6ii2i?jobsource=joblist_search,MIS/資通網管師,"1.熟悉維護電腦系統效能，維持其系統正常運作及除錯。
2.網站系統架構維護與更新
3.擅於網站系統開發語言程式設計(PHP. ASP. NET. HTML5. Javascript. JQuery. Ajax)
4.擁有資料庫後台/網站開發與維護能力   尤佳
5.熟悉資訊網路系統   尤佳
6.資訊設備管理
7.使用 Java（Spring Boot框架）開發相關功能
8.使用 PHP(Drupal架構)
9.具備 Java 或 PHP 基礎程式開發概念，了解 Spring Boot 、Drupal 框架架構。
10.具 NAS 操作經驗（如 Synology 系統），了解基礎網路架構。,不拘,PHP、MySQL、Dreamweaver、Fireworks、HTML、JavaScript、VBScript、Web Master/Developer、XML、XML Web services、jQuery、CSS、Firewall、Google Analytics、Adobe Photoshop、Illustrator、鼎新
提升專業能力
提升專業能力,伺服器網站管理維護、資料通訊與網路應用、軟體程式設計、網路程式設計、資料庫系統管理維護、資料庫程式設計、資料庫軟體應用、系統架構規劃與維護、規劃與管理防火牆、網路設備設定安裝、網路應用軟體操作","MIS程式設計師
、網路管理工程師
、資料庫管理人員","月薪36,000~52,000元",無需出差外派
https://www.104.com.tw/job/8o3m0?jobsource=joblist_search,契約資訊副工程師(.NET),"一、國內外大學或獨立學院資訊相關科系學士以上畢業者且具與擬任工作相當之工作經驗，或其他科系學士以上畢業且具與擬任工作相當實務經驗一年以上者。
二、具C#、Windows Form、Web Form及Oracle資料庫經驗，能獨立撰寫應用程式者尤佳。
三、熟悉HTML/HTML5,CSS,Java script和通用javascript Lib 如jQuery,Angular, TypeScript等。
四、依國軍退除役官兵輔導條例第六條規定，條件相等而為因公致身心障礙退除役官兵及一般退除役官兵者，依序優先錄用。
五、領有身心障礙手冊或具有就業弱勢身份者，加總分百分之五，惟須經本院評定與適任之工作能力者始得錄用。
六、工作項目：
(一)配合本院臨床試驗中心，開發與維護臨床試驗研究與醫療相關資訊系統，協助智慧醫材相關試驗資料管理與產學合作開發QMS取證，程式開發人員(.NET)。
(二)可配合工作加班趕辦進度。
(三)各類臨時交辦事項。
(四)若為本院現職人員，需經單位主管同意始得報名 (報名表-請至本院首頁/訊息專區/徵才訊息下載)。,不拘,C#、Oracle、HTML、CSS、JavaScript、jQuery、Angular
提升專業能力
提升專業能力,不拘","軟體工程師
、MIS程式設計師
、系統分析師","月薪40,000元以上",無需出差外派
https://www.104.com.tw/job/6gaaf?jobsource=joblist_search,儲備工程師(台中市),"工作內容：
1. 依據能力於面試過程中討論未來主要工作項目。
2. 基本工作內容如下:
 (1)系統設計、開發、測試、優化與維護。
 (2)資料庫設計、執行與管理。 
 (3)介面與功能元件的佈局、開發、優化效能等。 
 (4)研發創新應用技術與功能。
 (5)以團隊分工模式處理專案。

工作條件：(須具備至少一項)
1. 網頁前端開發技能，如CSS3、jQuery、Ajax、Bootstrap，Vue、angular、react等程式撰寫能力。
2. 網頁後端開發技能，如ASP.Net、MVC、C#、MS-SQL、EF、WebService、API等程式撰寫能力。
3. 視窗程式開發技能，如C++、C#、VB等程式撰寫能力。

薪水30000起，依能力與實務經驗敘薪。,不拘,Windows Server 2012、ASP.NET、C#、C++.Net、Java、JSP、PHP、Visual Basic .net、Visual C#、Visual C++、Visual Studio .net、WinForm、MS SQL、MySQL、Oracle、JavaScript、jQuery、IIS
提升專業能力
提升專業能力,伺服器網站管理維護、軟體工程系統開發、網路資料傳輸、軟體程式設計、結構化程式設計、模組化系統設計、資料庫系統管理維護、資料庫程式設計、使用者介面設計、網頁語法撰寫","Internet程式設計師
、MIS程式設計師
、軟體工程師","月薪30,000~50,000元",無需出差外派
https://www.104.com.tw/job/8kbxh?jobsource=joblist_search,集團資訊主管,"1.集團資訊系統架構規劃及管理
2.集團資訊系統功能開發與管理
3.集團資訊管理制度建立與管理
4.集團資訊安全管控與維護
5.集團資訊網路設備維護與管理
6.資訊系統整合規劃與管理
7.集團資訊人才育成,不拘,ASP、ASP.NET、C#、Oracle、HTML
提升專業能力
提升專業能力,軟體工程系統開發、軟體程式設計、資料庫程式設計","資安主管
、MIS／網管主管
、MIS程式設計師",待遇面議,需出差，一年累積時間未定
https://www.104.com.tw/job/6xhqy?jobsource=f_2025career,系統維運工程師/助理工程師,"***應徵時請附上作品集、文案、自傳、證照等加分文件***
1. 對系統進行監控與告警處理。
2. 對於網路, 系統, 客訴障礙，進行初步的問題判斷與解決，追蹤並回報處理狀況。
3. 充分瞭解系統之功能，能回應解決客戶提出之詢問，並提供相關的系統操作與技術支援。
4. 營運系統使用相關文件撰寫及維護。
5. 客戶需求/故障開單處理及追蹤。
6. 瞭解系統的設定，並充分了解開發團隊新的更新的用途及設定。
7 . 月休十天，排班制、需輪班。
8. 夜班津貼8,000元，每月另核發伙食津貼。,1. 良好的表達與溝通能力，能與團隊合作並達成團隊目標。
2. 積極負責的工作態度、具抗壓性、可獨立工作，擁有追根究底的精神。
3. 需具有基本網管能力、MS-SQL 查詢資料能力。
4. 須熟悉Linux command,須對網路有基本了解。


加分條件： 
* 有7*24運維工作經驗。
* 英文書寫溝通能力佳。

2025career,Linux
提升專業能力
提升專業能力,不拘","系統工程師
、網路管理工程師
、MIS程式設計師","月薪35,000~60,000元",無需出差外派
https://www.104.com.tw/job/7c5cc?jobsource=joblist_search,資訊工程師,"1.鉅茂ERP程式維護、測試、基本硬體維護
2.系統設計、測試、分析、文件製作與管理
3.電腦硬體維護,不拘,VueJS、CSS、jQuery、JavaScript、MySQL、MS SQL、PHP、Git
提升專業能力
提升專業能力,網路系統配置、伺服器網站管理維護、規劃與管理防火牆、安裝與維護網路安全系統、資料庫系統管理維護、軟體程式設計、軟體工程系統開發、系統架構規劃、資訊設備環境設定、資料備份與復原","軟體工程師
、MIS程式設計師
、資訊設備管制人員","月薪33,000元以上",無需出差外派
https://www.104.com.tw/job/796m7?jobsource=joblist_search,TIPTOP ERP軟體工程師(台中),"TIPTOP / T100 ERP是國內上市櫃大型公司使用的ERP系統，使用4gl的程式語言，
歡迎對ERP有興趣的軟體工程師一同加入學習，
學會了這套系統的開發，對於職涯發展與規劃會有更多元的選擇。
這是目前各大上市櫃公司搶著要的稀缺人才～而ERP系統更是經營一間公司必要的營運系統之一，從中可以學習到不少的管理與流程知識，是適合嚮往藍海市場的你來挑戰！

我們追求工作的氣氛環境良好，樂於團隊合作與溝通。
如果您對寫程式來解決問題充滿熱情！
如果您有著想要透過自己軟體技能，幫助別人解決問題的熱情！
是的！你就是跟我們流有著一樣的血液，一樣的DNA！歡迎來加入我們！
一起面對世界的改變並且突破傳統制約的框架！

基本要求:
1.歡迎有其他程式語言經驗，想學習TIPTOP ERP相關程式開發與完整ERP作業流程者。
2.TIPTOP ERP Genero 4gl 或其他程式語言 開發經驗2年以上
3.會開發CR報表
4.熟悉SQL語法
5.閱讀中英文技術文檔
6.具串接外部系統API經驗
7.溝通能力良好

加分項目:
1.實際撰寫過後端Web Services、API、API文件
2.閱讀英文技術文檔
3.有ERP或MES相關企業流程或輔導經驗


主要工作內容：
1.負責軟體之分析、設計以及程式撰寫。
2.規劃執行軟體架構及模組之設計，並控管軟體設計進度。
3.進行軟體之測試與修改。
4.規劃、執行與維護量產的產品。
5.協助研發軟體新技術與新工具。
6.儲備幹部,不拘,MS SQL、鼎新、MES、Node.js、CSS、JavaScript、HTML、PL/SQL、Oracle、Python、PHP、C#
提升專業能力
提升專業能力,系統架構規劃、企業資源規劃管理(ERP)、資料庫程式設計、軟體程式設計、軟體工程系統開發、系統整合分析","軟體工程師
、MIS程式設計師
、系統分析師","月薪42,000~60,000元",無需出差外派
https://www.104.com.tw/job/8ietm?jobsource=joblist_search,(台中)資訊管理系統PowerBuilder程式設計師,"依工作指派所需，主要負責ERP/MIS資訊管理系統程式分析及開發與維護工作,1.熟悉Windows Client/Server應用程式開發。
2.熟悉物件導向分析與設計
3.熟悉任一資料庫語法(MSSQL、Oracle DB、MySQL、PostgreSQL)
4.具PowerBuilder開發經驗尤佳,不拘,系統架構規劃、系統整合分析、軟體工程系統開發、軟體品質與保證","MIS程式設計師
、前端工程師
、Internet程式設計師",待遇面議,無需出差外派
https://www.104.com.tw/job/8jb25?jobsource=joblist_search,資訊設備工程師,"1. 辦公現場環境建置，基礎線路調整、查修。
2. 個人電腦硬體組裝、系統安裝及故障排除
3. 網路環境建置設定與障礙排除
4. 突發狀況排除及例行巡檢，確保運作正常
5. 其它主管交辦事項

*本職務需輪值on call,另享輪值津貼
*本職務需配合出差，期間不固定，享津貼補助。,不拘,不拘,不拘","資訊設備管制人員
、其他資訊專業人員
、MIS程式設計師","月薪32,000~45,000元",無需出差外派
https://www.104.com.tw/job/4g5r7?jobsource=joblist_search,資訊室 軟體工程師,"1.負責醫院資訊系統之分析、設計以及程式撰寫。
2.有相關醫院醫療資訊系統開發經驗者尤佳。
3.主管交辦事項。,不拘,不拘,不拘","軟體工程師
、Internet程式設計師
、MIS程式設計師","月薪38,500元以上",無需出差外派
https://www.104.com.tw/job/7gao3?jobsource=joblist_search,[台中] 集團人資系統助理工程師,"工作內容：人力資源管理系統開發維護
1.系統程式開發撰寫
2.系統導入後維護、障礙排除
3.主管交辦事務,不拘,C#、MS SQL
提升專業能力
提升專業能力,軟體程式設計、文書處理軟體操作","軟體工程師
、Internet程式設計師
、MIS程式設計師","月薪30,000~37,000元",無需出差外派
https://www.104.com.tw/job/8h5rp?jobsource=joblist_search,助理工程師,"此職缺是其他職缺的前置路線
請依據您想發展的職涯路線回覆您應徵的職缺

1. (缺) 前端助理工程師 請參考 前端工程師 Junior/Senior
2. (缺) DBA 資料庫助理工程師 請參考 DBA 資料庫管理師 Junior/Senior
3. (缺) 維運助理工程師 請參考 維運工程師 Junior/Senior
4. (滿) 後端助理工程師 請參考 後端工程師 Junior/Senior,不拘,Shell、JavaScript、CSS、VueJS
提升專業能力
提升專業能力,資料備份與復原、軟體程式設計、網路程式設計、模組化系統設計、資料庫系統管理維護、資料庫程式設計、資料庫軟體應用、網頁語法撰寫","MIS程式設計師
、系統工程師
、助理工程師","月薪35,000元以上",無需出差外派
https://www.104.com.tw/job/7ogon?jobsource=joblist_search,MIS工程師,"1. 處理資訊設備，電腦、週邊硬體設備維護工作
2. 伺服器應用軟體操作及維護及網路設定、備份及管理
3. 支援機房報修、電腦設備軟硬體障礙排除
4. 良好的溝通與團隊合作
5. linux、GIT、系統管理、監控,不拘,Linux、Git
提升專業能力
提升專業能力,不拘",MIS程式設計師,"月薪30,000~50,000元",無需出差外派
https://www.104.com.tw/job/8k1zx?jobsource=joblist_search,資深資訊工程師 - W961101,"1. MES系統維運：MES已導入2年，進入穩定期，主要是開發使用者的一些CIP需求，使用C#與MSSQL。

2. SPC系統維護：主要是測機的資料要拋到SPC系統，這個部份要跟EAP協調，我們僅負責SPC系統部分。

3. ETL開發：將機台產生的文字檔案，存入資料庫，變成COA或是供工程查詢，問題在有時候會出現莫名異常，要改善這些bug。

4. EDAS資料集：使用瑋晶Vidas，資訊人員只要協助建立資料源，不需要幫寫recipe。

5. SSRS報表：幫忙寫一些SSRS報表，供使用者查詢。

6. ASP.NET MVC：一些系統的設定，會開發網頁讓使用者自己輸入。

7. VB寫的小程式：公司未來以C#為主，但是有些過去遺留的程式要維護，如果懶得維護改寫他。

此職位將根據專業背景與需求分配主要負責項目，並與團隊協作完成相關工作，確保每位成員專注於特定範疇。本次招募共三人，範疇分工明確。,不拘,C#
提升專業能力
提升專業能力,軟體程式設計、MES工廠執行系統規劃管理","MIS程式設計師
、MES工程師
、其他資訊專業人員",待遇面議,無需出差外派
https://www.104.com.tw/job/8jqak?jobsource=joblist_search,資訊人員,"1. 維護公司系統、網路和資訊安全。
2. 負責電腦周邊組裝維護，作業系統/軟體安裝與設定。
3. 具備防火牆、交換器、NAS等相關網路設備的設定、安裝和維護能力。
4. 懂得Linux操作。
5. 協助填寫ERP系統。
6. 完成主管交辦的其他事務。,不拘,不拘,資訊設備環境設定、安裝與維護網路安全系統","MIS程式設計師
、網路管理工程師",待遇面議,無需出差外派
https://www.104.com.tw/job/3mi7n?jobsource=joblist_search,ASP.NET 軟體工程師-台中(可遠端),"1. ASP.NET MVC 程式開發及維護。
2. 具 WEB 程式開發經驗者佳。
3. 熟悉javascript、jQuery...等前端技術者佳。
4. 具MS-SQL操作及開發經驗者佳。
<本公司接受遠端工作，初期需進公司教育訓練，依工作狀況可申請(需經主管審核同意)>,不拘,ASP.NET、C#、MS SQL、HTML、JavaScript、jQuery
提升專業能力
提升專業能力,軟體程式設計、資料庫程式設計","軟體工程師
、Internet程式設計師
、MIS程式設計師","月薪30,000~37,000元",需出差，一年累積時間未定
https://www.104.com.tw/job/2yyg5?jobsource=joblist_search,系統分析師-B90C,"1. 客戶需求訪談、瞭解客戶需求、提供最佳解決方案。
2. 依據客戶需求，構想和製作Prototype，製做需求文件，與客戶溝通確認符合需求。
3. 系統分析和設計：系統功能畫面、功能操作流程、資料庫和資料結構、資料傳輸規格，並撰寫系統分析文件
4. 協助工程師進行開發工作
5. 協助完成測試，解決問題，提供使用者教育訓練,不拘,不拘,不拘","軟體工程師
、MIS程式設計師
、系統分析師",待遇面議,需出差，一年累積時間約六個月以下
https://www.104.com.tw/job/818zi?jobsource=joblist_search,寶輝機構-資訊資深高級專員,"1. 資安建置評估、維護管理、制定相關資安制度與流程。
2. Server、NAS/Storage維護管理。
3. 異質系統介接和維護。
4.網路、機房設備等規劃管理。
5. 備份及復原機制規劃管理與演練。
6. 資訊軟硬體需求評估、維護管理與資產管理。
7. 跨部門使用者資訊需求服務與問題處理等。
8. 其他主管交辦事項。

【其他條件】
1. 具資訊相關職務規劃和管理經驗，包含機房、軟硬體設備等。
2. 具撰寫程式能力者。,不拘,不拘,伺服器網站管理維護、資料備份與復原、系統架構規劃、軟體工程系統開發、軟體程式設計、網路程式設計","MIS／網管主管
、MIS程式設計師
、網路管理工程師",待遇面議,無需出差外派
https://www.104.com.tw/job/87hbg?jobsource=joblist_search,"ERP資訊工程師【月薪$50,000~$60,000 ★加班費另計★ 】","一、工作內容：
1.資料庫整合程式撰寫，配合MES、WMS整合調整
2.TIPTOP程式優化調整、新增與修改。
3.參與其他ERPII系統導入的整合窗口。
4.配合公司的程式版本管理進行程式撰寫。

二、職務需具備特質：
1.需對本職務之工作職責有獨立作業之能力。
2.需具備資料庫程式設計相關知識分析能力。
3.熟悉Informix-4GL與Genero開發工具。
4.具TIPTOP系統開發經驗。
5.具備整合程式API開發經驗。
6.英文-讀/中等、寫/中等、聽說/加分項。

三、待遇：

月薪$50,000~$60,000(加班費另計，提供彈性調休排假),1.需具溝通協調能力
2.需具問題解決能力
3.需具資料處理彙整能力,Linux、Shell、Java、ETL、Informix、MS SQL、MySQL、Oracle、PL/SQL、PostgreSQL、JavaScript、鼎新
提升專業能力
提升專業能力,系統架構規劃、系統維護操作、系統整合分析、資料庫系統管理維護、資料庫程式設計","資料庫管理人員
、MIS程式設計師
、系統工程師","月薪50,000~60,000元",無需出差外派
https://www.104.com.tw/job/7k5hf?jobsource=joblist_search,IT System Engineer (Windows Server & Virtualization),"In this role, your primary focus will be on Windows technologies as well as Virtualization Platform namely HCI technology. This role helps define and implement Windows Server technologies and methodologies, which will have a heavy emphasis on automation and a hybrid cloud environment, while maintaining operational excellence in multiple world class Data Center environments.
Hiring Requirements

【Operations】

Participate in rotational oncall support for SSC supported sites 

Work on issues escalated by L2 operations team

Work on cases escalated to vendors (Microsoft, VMWare, Cisco, HPE, Dell, Lenovo)

Participate in site ERT as oncall support

Support changes following change management process at the various SSC sites

Work on operation improvement initiatives, such as escalation and incident count review and reduction

Review operational reports and address abnormalities and passdown items

Address issues, risks and concerns (such as performance issues, intermittent timeouts, etc) from site teams

Capacity planning, lifecycle refresh planning and firmware management for SSC sites

Participate as Site representative and coordinate activities and work on issues and initiatives at SSC supported sites

Participate in Windows Collab meetings

Participate in Business Continuity Planning and DR strategy including detailing of DR procedures, and executing DR drills

Maintain and update operational documentations to ensure that they are current.



【Projects & Others】

Support OS, software and hardware lifecycle refreshes 

Support initiatives from MFG and non-IT groups through requirement analysis, POC and implementation 

Collaborate with I&O

Develop SOE for upgrades and migrations

Define strategy to perform technology upgrades and lifecycle refreshes 

Perform POC for new technology, application systems

Develop automation for productivity improvement and operational efficiency

Budget planning for site, expansion, greenfield, or portfolio projects

Support for greenfield sites startup and fab expansion,職務需求：
學士(含)以上之資訊相關系所畢業。
了解Windows作業系統。
具備資訊相關證照或技術者佳，例如Microsoft MCSA或VMware vSphere等。
俱備 Microsoft Windows server 操作及除錯經驗者佳。
俱備中/英文口語和書寫溝通能力。
需參與on-call輪值。,不拘,不拘","系統工程師
、MIS程式設計師
、網路管理工程師",待遇面議,需出差，一年累積時間未定
https://www.104.com.tw/job/6vyiw?jobsource=joblist_search,資深系統開發師,"給有心加入系統整合應用開發，開創專業系統程式設計技能，誠徵夥伴加入我們的團隊!
配合公司擴展GIS、MIS、Web、APP及資料庫、自動控制及監測技術整合等相關專業領域之技術成長。,不拘,ASP.NET、Visual C#、MS SQL、HTML、JavaScript
提升專業能力
提升專業能力,系統整合分析、軟體工程系統開發、軟體品質與保證、軟體程式設計、結構化程式設計、網路程式設計、資料庫程式設計、資料庫軟體應用","軟體工程師
、Internet程式設計師
、MIS程式設計師","月薪40,000~70,000元",需出差，一年累積時間約一個月以下
https://www.104.com.tw/job/4sf8z?jobsource=joblist_search,程式設計師-B90B,"-【工作內容描述】
1. 負責專案開發與維護
2. 具備Java開發經驗，瞭解並有使用過 SQL、javascript 的使用經驗
3. 程式設計與撰寫
4. 程式單元測試
5. 協助系統整合測試
6. 撰寫具備Java web application經驗

-【如果你還有這些加分條件】
1. 有學習熱忱及工作熱忱、細心、抗壓力強。
2.配合專案營運狀況，能機動性加班。

-【任職三個月內需通過內部考核】,不拘,Java、JSP、Tomcat、JavaScript
提升專業能力
提升專業能力,系統整合分析、軟體工程系統開發、軟體程式設計","軟體工程師
、Internet程式設計師
、MIS程式設計師","月薪35,000~40,000元",無需出差外派
https://www.104.com.tw/job/8jb18?jobsource=joblist_search,IT 系統工程師,"1.網站伺服器管理維護與監控（Linux, Apache, Nginx）
2.資料庫伺服器管理維護與監控（MySQL、MariaDB）
3.協助開發單位建置系統環境
4.監控系統建置、維護(LibreNMS、Prometheus、Grafana、GrayLog)
5.公司內部系統管理(NextCloud、RocketChat、LDAP)
6.雲端主機服務管理
7.機房硬體設備管理、維護

依能力調整起薪與工作項目,不拘,不拘,不拘","系統工程師
、MIS程式設計師
、資料庫管理人員","月薪38,000~45,000元",無需出差外派
https://www.104.com.tw/job/8oeyj?jobsource=joblist_search,【台中西屯】程式設計工讀生(熟SQL/C# or VB),"**一周至少來一天8小時(完整的)**

【工作內容】
1. 應用RPA科技取代高重複性與低效率的工作。
2. RPA流程自動化開發。
3. 進行RPA運行測試，解決流程部署過程中的技術問題。

【必要條件】
1. 熟SQL/C# or VB 。
2. 個性主動積極，願意學習。
3. 有良好的溝通與表達能力，具團隊合作精神。

【加分項目】
1. 熟悉UiPath
2. 熟悉Tableau,未填寫,C#、Tableau
提升專業能力
提升專業能力,不拘","軟體工程師
、系統工程師
、MIS程式設計師",時薪220~250元,依公司規定
https://www.104.com.tw/job/6v0b5?jobsource=joblist_search,App軟體工程師(Android)(台中),"3 至 5 年 Android 應用程式開發經驗。
精通 Kotlin 進行原生開發。
熟悉 Git，並具備團隊協作開發經驗。
深入了解 MVVM 架構與 Clean Architecture。
具備 Jetpack 框架、Coroutine 和 Jetpack Compose UI 的開發經驗。
具備自訂 UI 開發經驗。
無需金融背景，但對金融產品有興趣者佳。
具備強大的自學能力，對新技術充滿熱情。
具有良好的團隊合作能力，具備 Scrum 開發經驗者佳。
能提供個人作品集。
具備單元測試（Unit Testing）經驗。
具備 CI/CD 自動化部署經驗。
具有個人開發專案經驗者佳。,不拘,Android、Java、Kotlin
提升專業能力
提升專業能力,軟體程式設計、網路程式設計、資料庫程式設計","軟體工程師
、Internet程式設計師
、MIS程式設計師",待遇面議,無需出差外派
https://www.104.com.tw/job/6v0bz?jobsource=joblist_search,App軟體工程師(IOS)(台中),"3 年以上 iOS 開發經驗，主要使用 Swift。
熟悉 CI/CD 自動化部署。
熟悉 Git，具備分支管理能力，能有效解決程式碼衝突並進行 Code Review，且具有團隊協作開發經驗。
精通 UIKit/SwiftUI，並對 iOS UI 架構有深入理解。
熟悉 MVVM 架構與 Clean Architecture 原則。
具備開發與維護 RESTful API 的經驗，能夠處理 App 與後端服務的請求。
了解推播通知與訊息技術。
具備自訂 UI 開發經驗。
具備單元測試框架的使用經驗，並熟悉最佳實踐。
無需金融背景，但對金融產品有興趣者佳。
具備強大的自學能力，對新技術充滿熱情。
能提供個人作品集。
具有個人開發專案經驗者佳。,不拘,iOS、Objective-C、SWIFT
提升專業能力
提升專業能力,軟體程式設計、網路程式設計、資料庫程式設計","軟體工程師
、Internet程式設計師
、MIS程式設計師",待遇面議,無需出差外派
https://www.104.com.tw/job/8bzwd?jobsource=hotjob_chr,資訊人員儲備幹部,"1.系統分析程式撰寫開發與維護.
2.電腦資訊系統維護.
3.其他主管交辦事項.,不拘,Delphi、C#、MS SQL、Oracle
提升專業能力
提升專業能力,系統整合分析、軟體程式設計、資料庫程式設計、企業資源規劃管理(ERP)","MIS程式設計師
、系統工程師
、軟體工程師","月薪40,000~60,000元",無需出差外派
https://www.104.com.tw/job/8ofqb?jobsource=joblist_search,ORACLE ERP 資訊人員,"1. 建置、管理與維護公司系統。
2. 開發MIS系統的功能，以符合企業需求。
3. 開發、設計及維護ERP軟體。
4. 三年以前熟手佳,不拘,Oracle ERP
提升專業能力
提升專業能力,不拘","MIS程式設計師
、系統分析師
、軟體工程師",待遇面議,無需出差外派
